unique_id,accession_name,plot_number,block_number
Cornell_2025_SOAP_HR_1001,TX20CAS1034,1001,1
Cornell_2025_SOAP_HR_1002,TX20CAS1071,1002,1
Cornell_2025_SOAP_HR_1003,HORIZON 270,1003,1
Cornell_2025_SOAP_HR_1004,NC12-3922,1004,1
Cornell_2025_SOAP_HR_1005,FL1049-3,1005,1
Cornell_2025_SOAP_HR_1006,FLLA16083-25,1006,1
Cornell_2025_SOAP_HR_1007,LA10044-4,1007,1
Cornell_2025_SOAP_HR_1008,TX19CAS0002,1008,1
Cornell_2025_SOAP_HR_1009,TX14OCS5065,1009,1
Cornell_2025_SOAP_HR_1010,LA06059SBSBSB-16-S,1010,1
Cornell_2025_SOAP_HR_1011,FL0943-U4,1011,1
Cornell_2025_SOAP_HR_1012,FLLA16166-79,1012,1
Cornell_2025_SOAP_HR_1013,HARRISON,1013,1
Cornell_2025_SOAP_HR_1014,SIMPSON,1014,1
Cornell_2025_SOAP_HR_1015,LA17129SBSS-60-1,1015,1
Cornell_2025_SOAP_HR_1016,FLLA16056-4,1016,1
Cornell_2025_SOAP_HR_1017,TX14OCS5080,1017,1
Cornell_2025_SOAP_HR_1018,COKER227,1018,1
Cornell_2025_SOAP_HR_1019,NC20-4452,1019,1
Cornell_2025_SOAP_HR_1020,FULGRAIN|POGI,1020,1
Cornell_2025_SOAP_HR_1021,FLLA17051-2,1021,1
Cornell_2025_SOAP_HR_1022,FLORIDA 02011,1022,1
Cornell_2025_SOAP_HR_1023,TX19CAS0050,1023,1
Cornell_2025_SOAP_HR_1024,LA07007SBSBSB-18,1024,1
Cornell_2025_SOAP_HR_1025,FL0115-J2,1025,1
Cornell_2025_SOAP_HR_1026,NC12-3872,1026,1
Cornell_2025_SOAP_HR_1027,LA97006GSB-59-2-4-SBS1,1027,1
Cornell_2025_SOAP_HR_1028,LA17075SBS-36-2-1,1028,1
Cornell_2025_SOAP_HR_1029,TAMO412,1029,1
Cornell_2025_SOAP_HR_1030,SCLA16032SSBS-7-1,1030,1
Cornell_2025_SOAP_HR_1031,TX20CAS1079,1031,1
Cornell_2025_SOAP_HR_1032,LA07033SBSB-33,1032,1
Cornell_2025_SOAP_HR_1033,FLLA16137-1,1033,1
Cornell_2025_SOAP_HR_1034,TX20CAS1011,1034,1
Cornell_2025_SOAP_HR_1035,LA08081BS-T2,1035,1
Cornell_2025_SOAP_HR_1036,TX14OCS5031,1036,1
Cornell_2025_SOAP_HR_1037,NC12-3963,1037,1
Cornell_2025_SOAP_HR_1038,FL0943-U2,1038,1
Cornell_2025_SOAP_HR_1039,FLLA17059-4,1039,1
Cornell_2025_SOAP_HR_1040,NC14-1974,1040,1
Cornell_2025_SOAP_HR_1041,FL0941-U1,1041,1
Cornell_2025_SOAP_HR_1042,FLORIDA501,1042,1
Cornell_2025_SOAP_HR_1043,LA07065SBSBSB-32,1043,1
Cornell_2025_SOAP_HR_1044,LA17153SBS-20-2-1,1044,1
Cornell_2025_SOAP_HR_1045,FL1013-2,1045,1
Cornell_2025_SOAP_HR_1046,NC09-4274N,1046,1
Cornell_2025_SOAP_HR_1047,LA09066SBS-U3,1047,1
Cornell_2025_SOAP_HR_1048,FLLA17030-25,1048,1
Cornell_2025_SOAP_HR_1049,TX05CS 347-2,1049,1
Cornell_2025_SOAP_HR_1050,LA09026SBS-U3,1050,1
Cornell_2025_SOAP_HR_1051,LA08039SBSBS-5-S1,1051,1
Cornell_2025_SOAP_HR_1052,FLLA17020-55,1052,1
Cornell_2025_SOAP_HR_1053,LA17089SBSS-73-1,1053,1
Cornell_2025_SOAP_HR_1054,TAMO 406,1054,1
Cornell_2025_SOAP_HR_1055,NC14-1874,1055,1
Cornell_2025_SOAP_HR_1056,FLLA17069-53,1056,1
Cornell_2025_SOAP_HR_1057,LA17153SBSS-55-1,1057,1
Cornell_2025_SOAP_HR_1058,FLLA17031-57,1058,1
Cornell_2025_SOAP_HR_1059,LA08086BS-T2,1059,1
Cornell_2025_SOAP_HR_1060,FL13110-68,1060,1
Cornell_2025_SOAP_HR_1061,NC14-1584,1061,1
Cornell_2025_SOAP_HR_1062,FLLA17029-66,1062,1
Cornell_2025_SOAP_HR_1063,LA17017SBSS-16-1,1063,1
Cornell_2025_SOAP_HR_1064,LA17031SBSS-77-1,1064,1
Cornell_2025_SOAP_HR_1065,LA06059SBSBSB-97-S,1065,1
Cornell_2025_SOAP_HR_1066,FL03001BSB-S7,1066,1
Cornell_2025_SOAP_HR_1067,TX02U7047,1067,1
Cornell_2025_SOAP_HR_1068,TX02U7479,1068,1
Cornell_2025_SOAP_HR_1069,FLLA17149-30,1069,1
Cornell_2025_SOAP_HR_1070,TX20CAS1047,1070,1
Cornell_2025_SOAP_HR_1071,LA17089SBS-45-1-1,1071,1
Cornell_2025_SOAP_HR_1072,TX19CAS0066,1072,1
Cornell_2025_SOAP_HR_1073,FL13123-50,1073,1
Cornell_2025_SOAP_HR_1074,LA07065SBS-FS2-AB1,1074,1
Cornell_2025_SOAP_HR_1075,TROPHY,1075,1
Cornell_2025_SOAP_HR_1076,LA07048SBSB-5,1076,1
Cornell_2025_SOAP_HR_1077,FL03254-L1,1077,1
Cornell_2025_SOAP_HR_1078,LA07048SBSB-19,1078,1
Cornell_2025_SOAP_HR_1079,LA04004SBSB-121,1079,1
Cornell_2025_SOAP_HR_1080,LA06059SBS-84-S1,1080,1
Cornell_2025_SOAP_HR_1081,TX14OCS5061,1081,1
Cornell_2025_SOAP_HR_1082,LAFL13108FSB-22-1-1,1082,1
Cornell_2025_SOAP_HR_1083,LA16179SSBSS-22-1,1083,1
Cornell_2025_SOAP_HR_1084,NC14-1619,1084,1
Cornell_2025_SOAP_HR_1085,FLLA17088-66,1085,1
Cornell_2025_SOAP_HR_1086,LA99017,1086,1
Cornell_2025_SOAP_HR_1087,NC14-1554,1087,1
Cornell_2025_SOAP_HR_1088,NC14-1695,1088,1
Cornell_2025_SOAP_HR_1089,TX20CAS1063,1089,1
Cornell_2025_SOAP_HR_1090,FLLA17051-21,1090,1
Cornell_2025_SOAP_HR_1091,NC14-1989,1091,1
Cornell_2025_SOAP_HR_1092,TX20CAS1037,1092,1
Cornell_2025_SOAP_HR_1093,FL13113-69,1093,1
Cornell_2025_SOAP_HR_1094,TX19CAS0017,1094,1
Cornell_2025_SOAP_HR_1095,Gerard 224,1095,1
Cornell_2025_SOAP_HR_1096,LA07059SBSBSB-44,1096,1
Cornell_2025_SOAP_HR_1097,TX19CAS0091,1097,1
Cornell_2025_SOAP_HR_1098,NC12-3931,1098,1
Cornell_2025_SOAP_HR_1099,FLLA17077-16,1099,1
Cornell_2025_SOAP_HR_1100,FL99153FBS-45-1-B-S-B-S1-B-S1,1100,1
Cornell_2025_SOAP_HR_1101,FLLA16117-4,1101,1
Cornell_2025_SOAP_HR_1102,TX14OCS5193,1102,1
Cornell_2025_SOAP_HR_1103,FL0923-U2,1103,1
Cornell_2025_SOAP_HR_1104,TX14OCS5010,1104,1
Cornell_2025_SOAP_HR_1105,Savage,1105,1
Cornell_2025_SOAP_HR_1106,FLLA17069-52,1106,1
Cornell_2025_SOAP_HR_1107,TIFT,1107,1
Cornell_2025_SOAP_HR_1108,LA07007SBSB-68,1108,1
Cornell_2025_SOAP_HR_1109,FLLA11019S-8,1109,1
Cornell_2025_SOAP_HR_1110,LA04004SBSB-7-B-S1,1110,1
Cornell_2025_SOAP_HR_1111,LA07023SBS-FS5-AB1,1111,1
Cornell_2025_SOAP_HR_1112,FLLA17069-56,1112,1
Cornell_2025_SOAP_HR_1113,TX19CAS0073,1113,1
Cornell_2025_SOAP_HR_1114,LA09016SBS-U6,1114,1
Cornell_2025_SOAP_HR_1115,TAMO411,1115,1
Cornell_2025_SOAP_HR_1116,LA99016,1116,1
Cornell_2025_SOAP_HR_1117,CANTARA,1117,1
Cornell_2025_SOAP_HR_1118,TX14OCS5069,1118,1
Cornell_2025_SOAP_HR_1119,LA17008SBSS-24-1,1119,1
Cornell_2025_SOAP_HR_1120,TX19CAS0004,1120,1
Cornell_2025_SOAP_HR_1121,NC14-1820,1121,1
Cornell_2025_SOAP_HR_1122,TX09CS1056,1122,1
Cornell_2025_SOAP_HR_1123,LA07070SBSBSBS-65-S1,1123,1
Cornell_2025_SOAP_HR_1124,FLLA17028-12,1124,1
Cornell_2025_SOAP_HR_1125,NC14-1543,1125,1
Cornell_2025_SOAP_HR_1126,FLLA16179-9,1126,1
Cornell_2025_SOAP_HR_1127,LA09013SBS-U4,1127,1
Cornell_2025_SOAP_HR_1128,LA09103SBS-U5,1128,1
Cornell_2025_SOAP_HR_1129,NC14-1491,1129,1
Cornell_2025_SOAP_HR_1130,HORIZON 306,1130,1
Cornell_2025_SOAP_HR_1131,FLORIDA502,1131,1
Cornell_2025_SOAP_HR_1132,TX20CAS1041,1132,1
Cornell_2025_SOAP_HR_1133,TX20CAS1002,1133,1
Cornell_2025_SOAP_HR_1134,TX20CAS1001,1134,1
Cornell_2025_SOAP_HR_1135,NC20-4551,1135,1
Cornell_2025_SOAP_HR_1136,TX20CAS1062,1136,1
Cornell_2025_SOAP_HR_1137,FLLA17088-61,1137,1
Cornell_2025_SOAP_HR_1138,NC14-1501,1138,1
Cornell_2025_SOAP_HR_1139,HORIZON201,1139,1
Cornell_2025_SOAP_HR_1140,NC14-1747,1140,1
Cornell_2025_SOAP_HR_1141,TX14OCS5070,1141,1
Cornell_2025_SOAP_HR_1142,LA08016SBSBS-44-S1,1142,1
Cornell_2025_SOAP_HR_1143,TX20CAS1061,1143,1
Cornell_2025_SOAP_HR_1144,TX20CAS1076,1144,1
Cornell_2025_SOAP_HR_1145,FLLA09044-U1,1145,1
Cornell_2025_SOAP_HR_1146,FLLA17084-28,1146,1
Cornell_2025_SOAP_HR_1147,LA07049SBSBSBS-52-S1,1147,1
Cornell_2025_SOAP_HR_1148,SECTARIAT LA495,1148,1
Cornell_2025_SOAP_HR_1149,LA05011GSBSBSB-11,1149,1
Cornell_2025_SOAP_HR_1150,LA09040SBS-U1,1150,1
Cornell_2025_SOAP_HR_1151,FLLA17074-47,1151,1
Cornell_2025_SOAP_HR_1152,FLLA17088-60,1152,1
Cornell_2025_SOAP_HR_1153,TX02U7097,1153,1
Cornell_2025_SOAP_HR_1154,FLLA17069-76,1154,1
Cornell_2025_SOAP_HR_1155,LA07007SBSBSB-24,1155,1
Cornell_2025_SOAP_HR_1156,FLLA17030-23,1156,1
Cornell_2025_SOAP_HR_1157,LA17080SBS-32-1-1,1157,1
Cornell_2025_SOAP_HR_1158,NC14-1482,1158,1
Cornell_2025_SOAP_HR_1159,TX14OCS5182,1159,1
Cornell_2025_SOAP_HR_1160,FLLA17119-74,1160,1
Cornell_2025_SOAP_HR_1161,NC13-6584,1161,1
Cornell_2025_SOAP_HR_1162,NC14-1832,1162,1
Cornell_2025_SOAP_HR_1163,LA08085SBSBS-48,1163,1
Cornell_2025_SOAP_HR_1164,LA07017SBSB-30,1164,1
Cornell_2025_SOAP_HR_1165,LA02065SBSBSBSB-88,1165,1
Cornell_2025_SOAP_HR_1166,TX20CAS1024,1166,1
Cornell_2025_SOAP_HR_1167,FL13123-54,1167,1
Cornell_2025_SOAP_HR_1168,FL03146BSB-S1-B-S1,1168,1
Cornell_2025_SOAP_HR_1169,LA17088SBSS-15-1,1169,1
Cornell_2025_SOAP_HR_1170,FLLA17069-44,1170,1
Cornell_2025_SOAP_HR_1171,RODGERS,1171,1
Cornell_2025_SOAP_HR_1172,TX20CAS1070,1172,1
Cornell_2025_SOAP_HR_1173,FLLA17030-18,1173,1
Cornell_2025_SOAP_HR_1174,TAMO405,1174,1
Cornell_2025_SOAP_HR_1175,TX14OCS5054,1175,1
Cornell_2025_SOAP_HR_1176,NC14-1686,1176,1
Cornell_2025_SOAP_HR_1177,FLLA17152-42,1177,1
Cornell_2025_SOAP_HR_1178,FL13108-62,1178,1
Cornell_2025_SOAP_HR_1179,SCLA17152SBS-1-1,1179,1
Cornell_2025_SOAP_HR_1180,FLLA17032-41,1180,1
Cornell_2025_SOAP_HR_1181,LA15029SB-18-1-1,1181,1
Cornell_2025_SOAP_HR_1182,LA08051SBSB-32,1182,1
Cornell_2025_SOAP_HR_1183,TX19CAS0058,1183,1
Cornell_2025_SOAP_HR_1184,TX14OCS5036,1184,1
Cornell_2025_SOAP_HR_1185,TX18OCS9135,1185,1
Cornell_2025_SOAP_HR_1186,FL12034-10,1186,1
Cornell_2025_SOAP_HR_1187,OZARK|POGI,1187,1
Cornell_2025_SOAP_HR_1188,NC14-1514,1188,1
Cornell_2025_SOAP_HR_1189,TX14OCS5014,1189,1
Cornell_2025_SOAP_HR_1190,LA08086SBSBS-34,1190,1
Cornell_2025_SOAP_HR_1191,LA08085BS-T1,1191,1
Cornell_2025_SOAP_HR_1192,NC14-1605,1192,1
Cornell_2025_SOAP_HR_1193,TX18OCS9125,1193,1
Cornell_2025_SOAP_HR_1194,TAMO606,1194,1
Cornell_2025_SOAP_HR_1195,LA02012-S-B-139-S2-B-S2-B-S2,1195,1
Cornell_2025_SOAP_HR_1196,TX19CAS0055,1196,1
Cornell_2025_SOAP_HR_1197,NC12-3578,1197,1
Cornell_2025_SOAP_HR_1198,FLLA16102-41,1198,1
Cornell_2025_SOAP_HR_1199,NC20-4441,1199,1
Cornell_2025_SOAP_HR_1200,LA17070SBSS-20-1,1200,1
Cornell_2025_SOAP_HR_1201,FL13123-60,1201,1
Cornell_2025_SOAP_HR_1202,LA17067SBSS-44-1,1202,1
Cornell_2025_SOAP_HR_1203,LA03018SBSBSB-65-S1,1203,1
Cornell_2025_SOAP_HR_1204,TX19CAS0032,1204,1
Cornell_2025_SOAP_HR_1205,TX14OCS5018,1205,1
Cornell_2025_SOAP_HR_1206,FL99084-J2,1206,1
Cornell_2025_SOAP_HR_1207,FL13057-4,1207,1
Cornell_2025_SOAP_HR_1208,FL11044-1,1208,1
Cornell_2025_SOAP_HR_1209,COKER716,1209,1
Cornell_2025_SOAP_HR_1210,TX09CS1112,1210,1
Cornell_2025_SOAP_HR_1211,FLLA17055-63,1211,1
Cornell_2025_SOAP_HR_1212,FLLA17031-71,1212,1
Cornell_2025_SOAP_HR_1213,FLLA09015-U4,1213,1
Cornell_2025_SOAP_HR_1214,TX20CAS1006,1214,1
Cornell_2025_SOAP_HR_1215,TX14OCS5041,1215,1
Cornell_2025_SOAP_HR_1216,FLLA17025-4,1216,1
Cornell_2025_SOAP_HR_1217,LA05011GSBS-30,1217,1
Cornell_2025_SOAP_HR_1218,FLLA17077-4,1218,1
Cornell_2025_SOAP_HR_1219,LA03060SBSBSB-S1,1219,1
Cornell_2025_SOAP_HR_1220,NC14-1494,1220,1
Cornell_2025_SOAP_HR_1221,LA07048SBSB-28,1221,1
Cornell_2025_SOAP_HR_1222,FLLA17069-49,1222,1
Cornell_2025_SOAP_HR_1223,TX19CAS0067,1223,1
Cornell_2025_SOAP_HR_1224,LA02035-I-J1,1224,1
Cornell_2025_SOAP_HR_1225,LA17110SBSS-16-1,1225,1
Cornell_2025_SOAP_HR_1226,SCLA17048SBS-4-2,1226,1
Cornell_2025_SOAP_HR_1227,LA17075SBSS-29-1,1227,1
Cornell_2025_SOAP_HR_1228,LAFL17541-5-1,1228,1
Cornell_2025_SOAP_HR_1229,NC14-1651,1229,1
Cornell_2025_SOAP_HR_1230,FL0047-J9,1230,1
Cornell_2025_SOAP_HR_1231,LA09103SBS-U4,1231,1
Cornell_2025_SOAP_HR_1232,TX14OCS5112,1232,1
Cornell_2025_SOAP_HR_1233,LA16072SBSS-30-1,1233,1
Cornell_2025_SOAP_HR_1234,LA08089SBSBS-52-S1,1234,1
Cornell_2025_SOAP_HR_1235,LA08024SBSBS-29-S1,1235,1
Cornell_2025_SOAP_HR_1236,FL13126-57,1236,1
Cornell_2025_SOAP_HR_1237,FL13123-73,1237,1
Cornell_2025_SOAP_HR_1238,FLLA17158-11,1238,1
Cornell_2025_SOAP_HR_1239,COKER234,1239,1
Cornell_2025_SOAP_HR_1240,FLLA17017-70,1240,1
Cornell_2025_SOAP_HR_1241,FL13084-8,1241,1
Cornell_2025_SOAP_HR_1242,LA09015SBS-U1,1242,1
Cornell_2025_SOAP_HR_1243,LA04018SBSB-86,1243,1
Cornell_2025_SOAP_HR_1244,TX14OCS5017,1244,1
Cornell_2025_SOAP_HR_1245,TX18OCS9061,1245,1
Cornell_2025_SOAP_HR_1246,LA14009SBSB-21-1-1,1246,1
Cornell_2025_SOAP_HR_1247,FLLA16102-76,1247,1
Cornell_2025_SOAP_HR_1248,NC14-1574,1248,1
Cornell_2025_SOAP_HR_1249,FLLA16179-3,1249,1
Cornell_2025_SOAP_HR_1250,FL13097-1,1250,1
Cornell_2025_SOAP_HR_1251,BOB,1251,1
Cornell_2025_SOAP_HR_1252,FLLA16102-75,1252,1
Cornell_2025_SOAP_HR_1253,NC20-4621,1253,1
Cornell_2025_SOAP_HR_1254,SCLA17151SBS-40-1,1254,1
Cornell_2025_SOAP_HR_1255,LA09045SBS-U3,1255,1
Cornell_2025_SOAP_HR_1256,LA09028SBS-U2,1256,1
Cornell_2025_SOAP_HR_1257,LA17080SBS-29-1-1,1257,1
Cornell_2025_SOAP_HR_1258,LA17089SBS-25-2-1,1258,1
Cornell_2025_SOAP_HR_1259,TX09CS058,1259,1
Cornell_2025_SOAP_HR_1260,NC14-1799,1260,1
Cornell_2025_SOAP_HR_1261,FLLA17035-69,1261,1
Cornell_2025_SOAP_HR_1262,NC14-1965,1262,1
Cornell_2025_SOAP_HR_1263,NC12-3845,1263,1
Cornell_2025_SOAP_HR_1264,NC14-1902,1264,1
Cornell_2025_SOAP_HR_1265,FLLA17077-28,1265,1
Cornell_2025_SOAP_HR_1266,FLLA17152-71,1266,1
Cornell_2025_SOAP_HR_1267,FLLA17119-66,1267,1
Cornell_2025_SOAP_HR_1268,FLLA17152-47,1268,1
Cornell_2025_SOAP_HR_1269,FLLA13043-57,1269,1
Cornell_2025_SOAP_HR_1270,FLLA17025-20,1270,1
Cornell_2025_SOAP_HR_1271,SCLA17119SBS-17-2,1271,1
Cornell_2025_SOAP_HR_1272,TX17OCS8075,1272,1
Cornell_2025_SOAP_HR_1273,FLLA17071-4,1273,1
Cornell_2025_SOAP_HR_1274,LA06063SBSBSB-13,1274,1
Cornell_2025_SOAP_HR_1275,FLLA17069-73,1275,1
Cornell_2025_SOAP_HR_1276,FL13088-4,1276,1
Cornell_2025_SOAP_HR_1277,NC12-3753,1277,1
Cornell_2025_SOAP_HR_1278,TX19CAS0047,1278,1
Cornell_2025_SOAP_HR_1279,FLLA17069-54,1279,1
Cornell_2025_SOAP_HR_1280,LA17008SBSS-59-1,1280,1
Cornell_2025_SOAP_HR_1281,LA15015SB-S50,1281,1
Cornell_2025_SOAP_HR_1282,FLLA17071-7,1282,1
Cornell_2025_SOAP_HR_1283,TX07CS1965,1283,1
Cornell_2025_SOAP_HR_1284,LA17067SBSS-26-1,1284,1
Cornell_2025_SOAP_HR_1285,FLLA16028-42,1285,1
Cornell_2025_SOAP_HR_1286,FLLA17100-5,1286,1
Cornell_2025_SOAP_HR_1287,TX02U7605,1287,1
Cornell_2025_SOAP_HR_1288,LA07026SBS-FS1-AB1,1288,1
Cornell_2025_SOAP_HR_1289,"LA9339 (PLOT SPIKE, RAM OAT)",1289,1
Cornell_2025_SOAP_HR_1290,FL0923-U4,1290,1
Cornell_2025_SOAP_HR_1291,TX20CAS1048,1291,1
Cornell_2025_SOAP_HR_1292,LA17129SBSS-8-1,1292,1
Cornell_2025_SOAP_HR_1293,LA07024SBSBSBS-7-S1,1293,1
Cornell_2025_SOAP_HR_1294,TX14OCS5098,1294,1
Cornell_2025_SOAP_HR_1295,FLLA17109-68,1295,1
Cornell_2025_SOAP_HR_1296,LA17018SBSS-35-1,1296,1
Cornell_2025_SOAP_HR_1297,NC14-1498,1297,1
Cornell_2025_SOAP_HR_1298,FLLA17067-35,1298,1
Cornell_2025_SOAP_HR_1299,LA09067SBS-U1,1299,1
Cornell_2025_SOAP_HR_1300,FL11017-7,1300,1
Cornell_2025_SOAP_HR_1301,NC12-3742,1301,1
Cornell_2025_SOAP_HR_1302,TX20CAS1074,1302,1
Cornell_2025_SOAP_HR_1303,SCLA17074SBS-1-1,1303,1
Cornell_2025_SOAP_HR_1304,SCLA17076SBS-32-1,1304,1
Cornell_2025_SOAP_HR_1305,LA08084SBSBS-15,1305,1
Cornell_2025_SOAP_HR_1306,LA08085BS-T4,1306,1
Cornell_2025_SOAP_HR_1307,FLLA17067-12,1307,1
Cornell_2025_SOAP_HR_1308,FL13126-79,1308,1
Cornell_2025_SOAP_HR_1309,TX18OCS9100,1309,1
Cornell_2025_SOAP_HR_1310,TX18OCS9104,1310,1
Cornell_2025_SOAP_HR_1311,LA07048SBSB-39,1311,1
Cornell_2025_SOAP_HR_1312,FLLA17158-4,1312,1
Cornell_2025_SOAP_HR_1313,TX20CAS1080,1313,1
Cornell_2025_SOAP_HR_1314,LA08056SBSBS-56-S1,1314,1
Cornell_2025_SOAP_HR_1315,NC14-1792,1315,1
Cornell_2025_SOAP_HR_1316,TX14OCS5039,1316,1
Cornell_2025_SOAP_HR_1317,FLLA17078-54,1317,1
Cornell_2025_SOAP_HR_1318,LA03066SBS-L1,1318,1
Cornell_2025_SOAP_HR_1319,TX07CS2652,1319,1
Cornell_2025_SOAP_HR_1320,SCLA17048SBS-16-2,1320,1
Cornell_2025_SOAP_HR_1321,NC14-1985,1321,1
Cornell_2025_SOAP_HR_1322,NC13-6589,1322,1
Cornell_2025_SOAP_HR_1323,TX14OCS5004,1323,1
Cornell_2025_SOAP_HR_1324,FL13088-3,1324,1
Cornell_2025_SOAP_HR_1325,LA06059SBSBSBSB-4-S1,1325,1
Cornell_2025_SOAP_HR_1326,CABALLO,1326,1
Cornell_2025_SOAP_HR_1327,NC14-1533,1327,1
Cornell_2025_SOAP_HR_1328,NC14-1609,1328,1
Cornell_2025_SOAP_HR_1329,TX14OCS5116,1329,1
Cornell_2025_SOAP_HR_1330,FLLA16056-25,1330,1
Cornell_2025_SOAP_HR_1331,FL04155-S06-31-B-S1,1331,1
Cornell_2025_SOAP_HR_1332,FL13112-14,1332,1
Cornell_2025_SOAP_HR_1333,LA06063SBSB-S1,1333,1
Cornell_2025_SOAP_HR_1334,LA07005SBSBSB-12,1334,1
Cornell_2025_SOAP_HR_1335,FLLA17071-19,1335,1
Cornell_2025_SOAP_HR_1336,NC14-1774,1336,1
Cornell_2025_SOAP_HR_1337,TX20CAS1014,1337,1
Cornell_2025_SOAP_HR_1338,LA03046SBS7-B-S1,1338,1
Cornell_2025_SOAP_HR_1339,TX14OCS5012,1339,1
Cornell_2025_SOAP_HR_1340,TX14OCS5037,1340,1
Cornell_2025_SOAP_HR_1341,LA04004SBSB-61-B-S1,1341,1
Cornell_2025_SOAP_HR_1342,NC14-1573,1342,1
Cornell_2025_SOAP_HR_1343,TX20CAS1013,1343,1
Cornell_2025_SOAP_HR_1344,SS76-50,1344,1
Cornell_2025_SOAP_HR_1345,NC14-1818,1345,1
Cornell_2025_SOAP_HR_1346,LA17130SBSS-27-1,1346,1
Cornell_2025_SOAP_HR_1347,FLLA17051-20,1347,1
Cornell_2025_SOAP_HR_1348,FLLA17047-55,1348,1
Cornell_2025_SOAP_HR_1349,LA06058SBS-32-S1,1349,1
Cornell_2025_SOAP_HR_1350,NC10-5069y,1350,1
Cornell_2025_SOAP_HR_1351,BROOKS,1351,1
Cornell_2025_SOAP_HR_1352,NC20-4526,1352,1
Cornell_2025_SOAP_HR_1353,FLLA17018-17,1353,1
Cornell_2025_SOAP_HR_1354,FLORIDA500,1354,1
Cornell_2025_SOAP_HR_1355,LA17075SBSS-24-1,1355,1
Cornell_2025_SOAP_HR_1356,CORONDO,1356,1
Cornell_2025_SOAP_HR_1357,LA17008SBSS-9-1,1357,1
Cornell_2025_SOAP_HR_1358,FLLA16102-78,1358,1
Cornell_2025_SOAP_HR_1359,TX14OCS5078,1359,1
Cornell_2025_SOAP_HR_1360,NC14-1751,1360,1
Cornell_2025_SOAP_HR_1361,TX20CAS1025,1361,1
Cornell_2025_SOAP_HR_1362,LA04018SBSB-181,1362,1
Cornell_2025_SOAP_HR_1363,LA06009SBSBSB-24-S,1363,1
Cornell_2025_SOAP_HR_1364,FLLA17109-56,1364,1
Cornell_2025_SOAP_HR_1365,LA04014SBSB-39,1365,1
Cornell_2025_SOAP_HR_1366,FL1013-1,1366,1
Cornell_2025_SOAP_HR_1367,TX14OCS5011,1367,1
Cornell_2025_SOAP_HR_1368,FL13123-41,1368,1
Cornell_2025_SOAP_HR_1369,LA07033SBSB-2,1369,1
Cornell_2025_SOAP_HR_1370,LA08024SBSBS-48-S1,1370,1
Cornell_2025_SOAP_HR_1371,LA09065SBS-U1,1371,1
Cornell_2025_SOAP_HR_1372,TX02U7473,1372,1
Cornell_2025_SOAP_HR_1373,LA17069SBSS-2-1,1373,1
Cornell_2025_SOAP_HR_1374,TX20CAS1077,1374,1
Cornell_2025_SOAP_HR_1375,NC14-1787,1375,1
Cornell_2025_SOAP_HR_1376,TX20CAS1035,1376,1
Cornell_2025_SOAP_HR_1377,LA08021SBSBS-15-S1,1377,1
Cornell_2025_SOAP_HR_1378,FLLA17017-69,1378,1
Cornell_2025_SOAP_HR_1379,TX19CAS0041,1379,1
Cornell_2025_SOAP_HR_1380,BIG_MAC,1380,1
Cornell_2025_SOAP_HR_1381,LA08021SBSBS-7-S1,1381,1
Cornell_2025_SOAP_HR_1382,LA09078SBS-U7,1382,1
Cornell_2025_SOAP_HR_1383,FL1045-1,1383,1
Cornell_2025_SOAP_HR_1384,FLLA17100-4,1384,1
Cornell_2025_SOAP_HR_1385,FL13125-17,1385,1
Cornell_2025_SOAP_HR_1386,TX19CAS0057,1386,1
Cornell_2025_SOAP_HR_1387,NC14-1977,1387,1
Cornell_2025_SOAP_HR_1388,LA17089SBS-33-2,1388,1
Cornell_2025_SOAP_HR_1389,FLLA17149-3,1389,1
Cornell_2025_SOAP_HR_1390,LA17153SBSS-6-1,1390,1
Cornell_2025_SOAP_HR_1391,LA06046-N2-AB3,1391,1
Cornell_2025_SOAP_HR_1392,TX14OCS5050,1392,1
Cornell_2025_SOAP_HR_1393,LA09013SBS-U6,1393,1
Cornell_2025_SOAP_HR_1394,LA08085BS-T2,1394,1
Cornell_2025_SOAP_HR_1395,TX20CAS1082,1395,1
Cornell_2025_SOAP_HR_1396,LA09078SBS-U5,1396,1
Cornell_2025_SOAP_HR_1397,LA09092SBS-U2,1397,1
Cornell_2025_SOAP_HR_1398,LA08083SBSBS-5,1398,1
Cornell_2025_SOAP_HR_1399,LA17009SBSS-53-1,1399,1
Cornell_2025_SOAP_HR_1400,NC19-3542,1400,1
Cornell_2025_SOAP_HR_1401,FLLA17035-50,1401,1
Cornell_2025_SOAP_HR_1402,LA17031SBS-58-1,1402,1
Cornell_2025_SOAP_HR_1403,LA16118SSBSS-6-1,1403,1
Cornell_2025_SOAP_HR_1404,GERARD229,1404,1
Cornell_2025_SOAP_HR_1405,WINTER_FULGHUM,1405,1
Cornell_2025_SOAP_HR_1406,TX07CS2765,1406,1
Cornell_2025_SOAP_HR_1407,LA17153SBSS-46-1,1407,1
Cornell_2025_SOAP_HR_1408,FLLA17111-1,1408,1
Cornell_2025_SOAP_HR_1409,LA17076SBS-32-1,1409,1
Cornell_2025_SOAP_HR_1410,TX20CAS1046,1410,1
Cornell_2025_SOAP_HR_1411,NC11-1798y,1411,1
Cornell_2025_SOAP_HR_1412,TX20CAS1039,1412,1
Cornell_2025_SOAP_HR_1413,FLLA17069-65,1413,1
Cornell_2025_SOAP_HR_1414,FLLA17158-18,1414,1
Cornell_2025_SOAP_HR_1415,FLLA16180-50,1415,1
Cornell_2025_SOAP_HR_1416,FLLA17149-1,1416,1
Cornell_2025_SOAP_HR_1417,TX19CAS0020,1417,1
Cornell_2025_SOAP_HR_1418,FLLA16056-12,1418,1
Cornell_2025_SOAP_HR_1419,FL0914-U2,1419,1
Cornell_2025_SOAP_HR_1420,NC14-1767,1420,1
Cornell_2025_SOAP_HR_1421,TX20CAS1075,1421,1
Cornell_2025_SOAP_HR_1422,TX20CAS1044,1422,1
Cornell_2025_SOAP_HR_1423,FL0772-R3,1423,1
Cornell_2025_SOAP_HR_1424,LA09082SBS-U11,1424,1
Cornell_2025_SOAP_HR_1425,NC12-3447,1425,1
Cornell_2025_SOAP_HR_1426,TX07CS2140,1426,1
Cornell_2025_SOAP_HR_1427,FLLA17069-57,1427,1
Cornell_2025_SOAP_HR_1428,FL13109-38,1428,1
Cornell_2025_SOAP_HR_1429,FLLA17071-51,1429,1
Cornell_2025_SOAP_HR_1430,FL13126-69,1430,1
Cornell_2025_SOAP_HR_1431,NC14-1643,1431,1
Cornell_2025_SOAP_HR_1432,LA07052SBSBSBS-1-S1,1432,1
Cornell_2025_SOAP_HR_1433,TX10CAS085,1433,1
Cornell_2025_SOAP_HR_1434,FLLA17158-30,1434,1
Cornell_2025_SOAP_HR_1435,FLLA17088-77,1435,1
Cornell_2025_SOAP_HR_1436,SCLA17119SBS-4-2,1436,1
Cornell_2025_SOAP_HR_1437,LA08085SS-T3,1437,1
Cornell_2025_SOAP_HR_1438,OSAGE,1438,1
Cornell_2025_SOAP_HR_1439,FLLA17032-5,1439,1
Cornell_2025_SOAP_HR_1440,NC13-6579,1440,1
Cornell_2025_SOAP_HR_1441,LA08085SBSBSB-48,1441,1
Cornell_2025_SOAP_HR_1442,LA17089SBS-25-2,1442,1
Cornell_2025_SOAP_HR_1443,FL0720-R6,1443,1
Cornell_2025_SOAP_HR_1444,LA09092SBS-U1,1444,1
Cornell_2025_SOAP_HR_1445,LA03040SBSBSB-83,1445,1
Cornell_2025_SOAP_HR_1446,LA07046SBSBSBS-2-S1,1446,1
Cornell_2025_SOAP_HR_1447,LA13003SBSBS330101,1447,1
Cornell_2025_SOAP_HR_1448,SCLA17080SBS-4-2,1448,1
Cornell_2025_SOAP_HR_1449,FL1035-2,1449,1
Cornell_2025_SOAP_HR_1450,TX20CAS1056,1450,1
Cornell_2025_SOAP_HR_1451,FLLA17069-41,1451,1
Cornell_2025_SOAP_HR_1452,TX20CAS1021,1452,1
Cornell_2025_SOAP_HR_1453,FLLA17029-75,1453,1
Cornell_2025_SOAP_HR_1454,LA17126SBSS-48-1,1454,1
Cornell_2025_SOAP_HR_1455,FLLA17081-23,1455,1
Cornell_2025_SOAP_HR_2001,TX14OCS5018,2001,2
Cornell_2025_SOAP_HR_2002,NC14-1584,2002,2
Cornell_2025_SOAP_HR_2003,TX07CS2765,2003,2
Cornell_2025_SOAP_HR_2004,BOB,2004,2
Cornell_2025_SOAP_HR_2005,FLLA17152-47,2005,2
Cornell_2025_SOAP_HR_2006,FLLA17069-52,2006,2
Cornell_2025_SOAP_HR_2007,FLLA17149-30,2007,2
Cornell_2025_SOAP_HR_2008,TX09CS058,2008,2
Cornell_2025_SOAP_HR_2009,TX14OCS5004,2009,2
Cornell_2025_SOAP_HR_2010,NC13-6589,2010,2
Cornell_2025_SOAP_HR_2011,BROOKS,2011,2
Cornell_2025_SOAP_HR_2012,FLLA17100-5,2012,2
Cornell_2025_SOAP_HR_2013,LA08024SBSBS-29-S1,2013,2
Cornell_2025_SOAP_HR_2014,OZARK|POGI,2014,2
Cornell_2025_SOAP_HR_2015,NC10-5069y,2015,2
Cornell_2025_SOAP_HR_2016,LA07007SBSBSB-24,2016,2
Cornell_2025_SOAP_HR_2017,LA07017SBSB-30,2017,2
Cornell_2025_SOAP_HR_2018,TX19CAS0073,2018,2
Cornell_2025_SOAP_HR_2019,NC14-1965,2019,2
Cornell_2025_SOAP_HR_2020,COKER716,2020,2
Cornell_2025_SOAP_HR_2021,FL13123-54,2021,2
Cornell_2025_SOAP_HR_2022,FLLA16102-75,2022,2
Cornell_2025_SOAP_HR_2023,Gerard 224,2023,2
Cornell_2025_SOAP_HR_2024,TX14OCS5116,2024,2
Cornell_2025_SOAP_HR_2025,FLLA17067-35,2025,2
Cornell_2025_SOAP_HR_2026,SCLA17119SBS-4-2,2026,2
Cornell_2025_SOAP_HR_2027,FLORIDA501,2027,2
Cornell_2025_SOAP_HR_2028,LA07048SBSB-19,2028,2
Cornell_2025_SOAP_HR_2029,TX20CAS1056,2029,2
Cornell_2025_SOAP_HR_2030,FLLA17031-57,2030,2
Cornell_2025_SOAP_HR_2031,TX18OCS9135,2031,2
Cornell_2025_SOAP_HR_2032,LA08085SBSBSB-48,2032,2
Cornell_2025_SOAP_HR_2033,SCLA17152SBS-1-1,2033,2
Cornell_2025_SOAP_HR_2034,LA17076SBS-32-1,2034,2
Cornell_2025_SOAP_HR_2035,LA09026SBS-U3,2035,2
Cornell_2025_SOAP_HR_2036,LA09045SBS-U3,2036,2
Cornell_2025_SOAP_HR_2037,TX14OCS5112,2037,2
Cornell_2025_SOAP_HR_2038,TX07CS1965,2038,2
Cornell_2025_SOAP_HR_2039,TROPHY,2039,2
Cornell_2025_SOAP_HR_2040,LA09103SBS-U5,2040,2
Cornell_2025_SOAP_HR_2041,LA17089SBS-33-2,2041,2
Cornell_2025_SOAP_HR_2042,NC14-1695,2042,2
Cornell_2025_SOAP_HR_2043,TX19CAS0067,2043,2
Cornell_2025_SOAP_HR_2044,FL13123-60,2044,2
Cornell_2025_SOAP_HR_2045,LA07065SBS-FS2-AB1,2045,2
Cornell_2025_SOAP_HR_2046,FLLA17069-65,2046,2
Cornell_2025_SOAP_HR_2047,TAMO405,2047,2
Cornell_2025_SOAP_HR_2048,NC14-1792,2048,2
Cornell_2025_SOAP_HR_2049,FL1035-2,2049,2
Cornell_2025_SOAP_HR_2050,FLLA17025-4,2050,2
Cornell_2025_SOAP_HR_2051,LA07023SBS-FS5-AB1,2051,2
Cornell_2025_SOAP_HR_2052,LA99017,2052,2
Cornell_2025_SOAP_HR_2053,LA08085BS-T2,2053,2
Cornell_2025_SOAP_HR_2054,FLLA17149-1,2054,2
Cornell_2025_SOAP_HR_2055,CANTARA,2055,2
Cornell_2025_SOAP_HR_2056,FLLA17111-1,2056,2
Cornell_2025_SOAP_HR_2057,LA17153SBSS-55-1,2057,2
Cornell_2025_SOAP_HR_2058,FLLA17071-51,2058,2
Cornell_2025_SOAP_HR_2059,TX20CAS1006,2059,2
Cornell_2025_SOAP_HR_2060,FLLA17069-57,2060,2
Cornell_2025_SOAP_HR_2061,FLLA17152-42,2061,2
Cornell_2025_SOAP_HR_2062,LA17075SBS-36-2-1,2062,2
Cornell_2025_SOAP_HR_2063,NC14-1989,2063,2
Cornell_2025_SOAP_HR_2064,TX20CAS1021,2064,2
Cornell_2025_SOAP_HR_2065,LA17008SBSS-24-1,2065,2
Cornell_2025_SOAP_HR_2066,TX20CAS1024,2066,2
Cornell_2025_SOAP_HR_2067,FLLA16056-25,2067,2
Cornell_2025_SOAP_HR_2068,CORONDO,2068,2
Cornell_2025_SOAP_HR_2069,NC13-6584,2069,2
Cornell_2025_SOAP_HR_2070,FLLA17158-11,2070,2
Cornell_2025_SOAP_HR_2071,FL13123-73,2071,2
Cornell_2025_SOAP_HR_2072,SCLA17048SBS-16-2,2072,2
Cornell_2025_SOAP_HR_2073,TX20CAS1080,2073,2
Cornell_2025_SOAP_HR_2074,TX14OCS5014,2074,2
Cornell_2025_SOAP_HR_2075,LA08051SBSB-32,2075,2
Cornell_2025_SOAP_HR_2076,TX20CAS1074,2076,2
Cornell_2025_SOAP_HR_2077,LA17153SBSS-6-1,2077,2
Cornell_2025_SOAP_HR_2078,LA03066SBS-L1,2078,2
Cornell_2025_SOAP_HR_2079,SCLA17151SBS-40-1,2079,2
Cornell_2025_SOAP_HR_2080,TX19CAS0058,2080,2
Cornell_2025_SOAP_HR_2081,LA17075SBSS-29-1,2081,2
Cornell_2025_SOAP_HR_2082,TX20CAS1048,2082,2
Cornell_2025_SOAP_HR_2083,NC14-1774,2083,2
Cornell_2025_SOAP_HR_2084,LA04004SBSB-61-B-S1,2084,2
Cornell_2025_SOAP_HR_2085,TX20CAS1071,2085,2
Cornell_2025_SOAP_HR_2086,FLLA17031-71,2086,2
Cornell_2025_SOAP_HR_2087,NC12-3872,2087,2
Cornell_2025_SOAP_HR_2088,CABALLO,2088,2
Cornell_2025_SOAP_HR_2089,NC14-1501,2089,2
Cornell_2025_SOAP_HR_2090,FLLA17071-4,2090,2
Cornell_2025_SOAP_HR_2091,FL11017-7,2091,2
Cornell_2025_SOAP_HR_2092,FL1013-2,2092,2
Cornell_2025_SOAP_HR_2093,FLLA09015-U4,2093,2
Cornell_2025_SOAP_HR_2094,FLLA17069-73,2094,2
Cornell_2025_SOAP_HR_2095,SIMPSON,2095,2
Cornell_2025_SOAP_HR_2096,FL11044-1,2096,2
Cornell_2025_SOAP_HR_2097,FLLA17158-18,2097,2
Cornell_2025_SOAP_HR_2098,LA99016,2098,2
Cornell_2025_SOAP_HR_2099,TX14OCS5036,2099,2
Cornell_2025_SOAP_HR_2100,"LA9339 (PLOT SPIKE, RAM OAT)",2100,2
Cornell_2025_SOAP_HR_2101,TX14OCS5054,2101,2
Cornell_2025_SOAP_HR_2102,NC14-1751,2102,2
Cornell_2025_SOAP_HR_2103,NC12-3922,2103,2
Cornell_2025_SOAP_HR_2104,LA17069SBSS-2-1,2104,2
Cornell_2025_SOAP_HR_2105,TX19CAS0057,2105,2
Cornell_2025_SOAP_HR_2106,TX19CAS0091,2106,2
Cornell_2025_SOAP_HR_2107,LA08085BS-T1,2107,2
Cornell_2025_SOAP_HR_2108,LA08021SBSBS-7-S1,2108,2
Cornell_2025_SOAP_HR_2109,FLLA16179-3,2109,2
Cornell_2025_SOAP_HR_2110,FL0923-U4,2110,2
Cornell_2025_SOAP_HR_2111,LA02035-I-J1,2111,2
Cornell_2025_SOAP_HR_2112,FL0923-U2,2112,2
Cornell_2025_SOAP_HR_2113,LA13003SBSBS330101,2113,2
Cornell_2025_SOAP_HR_2114,LA06063SBSBSB-13,2114,2
Cornell_2025_SOAP_HR_2115,FL0115-J2,2115,2
Cornell_2025_SOAP_HR_2116,FLLA17029-75,2116,2
Cornell_2025_SOAP_HR_2117,NC20-4621,2117,2
Cornell_2025_SOAP_HR_2118,FLLA13043-57,2118,2
Cornell_2025_SOAP_HR_2119,FLLA16166-79,2119,2
Cornell_2025_SOAP_HR_2120,LA06059SBSBSB-97-S,2120,2
Cornell_2025_SOAP_HR_2121,LA17089SBS-25-2-1,2121,2
Cornell_2025_SOAP_HR_2122,SCLA17048SBS-4-2,2122,2
Cornell_2025_SOAP_HR_2123,FLLA11019S-8,2123,2
Cornell_2025_SOAP_HR_2124,TX20CAS1075,2124,2
Cornell_2025_SOAP_HR_2125,LA17018SBSS-35-1,2125,2
Cornell_2025_SOAP_HR_2126,LA17080SBS-32-1-1,2126,2
Cornell_2025_SOAP_HR_2127,FL12034-10,2127,2
Cornell_2025_SOAP_HR_2128,TX20CAS1011,2128,2
Cornell_2025_SOAP_HR_2129,FLLA17149-3,2129,2
Cornell_2025_SOAP_HR_2130,FL0943-U4,2130,2
Cornell_2025_SOAP_HR_2131,TX07CS2140,2131,2
Cornell_2025_SOAP_HR_2132,LA15015SB-S50,2132,2
Cornell_2025_SOAP_HR_2133,FLLA17088-66,2133,2
Cornell_2025_SOAP_HR_2134,LA17031SBS-58-1,2134,2
Cornell_2025_SOAP_HR_2135,FLLA16102-78,2135,2
Cornell_2025_SOAP_HR_2136,FLLA17067-12,2136,2
Cornell_2025_SOAP_HR_2137,HORIZON201,2137,2
Cornell_2025_SOAP_HR_2138,FL1045-1,2138,2
Cornell_2025_SOAP_HR_2139,FL03001BSB-S7,2139,2
Cornell_2025_SOAP_HR_2140,TX14OCS5080,2140,2
Cornell_2025_SOAP_HR_2141,FLLA16102-76,2141,2
Cornell_2025_SOAP_HR_2142,FLLA17109-68,2142,2
Cornell_2025_SOAP_HR_2143,TX20CAS1001,2143,2
Cornell_2025_SOAP_HR_2144,TAMO411,2144,2
Cornell_2025_SOAP_HR_2145,FL0772-R3,2145,2
Cornell_2025_SOAP_HR_2146,LA07007SBSB-68,2146,2
Cornell_2025_SOAP_HR_2147,NC14-1686,2147,2
Cornell_2025_SOAP_HR_2148,LA09067SBS-U1,2148,2
Cornell_2025_SOAP_HR_2149,TX14OCS5050,2149,2
Cornell_2025_SOAP_HR_2150,FLLA17100-4,2150,2
Cornell_2025_SOAP_HR_2151,FL13088-4,2151,2
Cornell_2025_SOAP_HR_2152,GERARD229,2152,2
Cornell_2025_SOAP_HR_2153,FLLA17035-69,2153,2
Cornell_2025_SOAP_HR_2154,LA07007SBSBSB-18,2154,2
Cornell_2025_SOAP_HR_2155,TX19CAS0032,2155,2
Cornell_2025_SOAP_HR_2156,FLLA17069-54,2156,2
Cornell_2025_SOAP_HR_2157,LAFL17541-5-1,2157,2
Cornell_2025_SOAP_HR_2158,NC11-1798y,2158,2
Cornell_2025_SOAP_HR_2159,NC12-3753,2159,2
Cornell_2025_SOAP_HR_2160,FL0720-R6,2160,2
Cornell_2025_SOAP_HR_2161,SCLA16032SSBS-7-1,2161,2
Cornell_2025_SOAP_HR_2162,LA17009SBSS-53-1,2162,2
Cornell_2025_SOAP_HR_2163,LA07052SBSBSBS-1-S1,2163,2
Cornell_2025_SOAP_HR_2164,LA08024SBSBS-48-S1,2164,2
Cornell_2025_SOAP_HR_2165,TX20CAS1035,2165,2
Cornell_2025_SOAP_HR_2166,TX19CAS0002,2166,2
Cornell_2025_SOAP_HR_2167,LA03060SBSBSB-S1,2167,2
Cornell_2025_SOAP_HR_2168,LA17080SBS-29-1-1,2168,2
Cornell_2025_SOAP_HR_2169,LA07024SBSBSBS-7-S1,2169,2
Cornell_2025_SOAP_HR_2170,TX20CAS1025,2170,2
Cornell_2025_SOAP_HR_2171,LA17110SBSS-16-1,2171,2
Cornell_2025_SOAP_HR_2172,TX18OCS9061,2172,2
Cornell_2025_SOAP_HR_2173,LA17088SBSS-15-1,2173,2
Cornell_2025_SOAP_HR_2174,FLLA17020-55,2174,2
Cornell_2025_SOAP_HR_2175,LA15029SB-18-1-1,2175,2
Cornell_2025_SOAP_HR_2176,FLLA17025-20,2176,2
Cornell_2025_SOAP_HR_2177,NC14-1747,2177,2
Cornell_2025_SOAP_HR_2178,LA17008SBSS-9-1,2178,2
Cornell_2025_SOAP_HR_2179,TX14OCS5010,2179,2
Cornell_2025_SOAP_HR_2180,TX18OCS9104,2180,2
Cornell_2025_SOAP_HR_2181,FLLA17088-77,2181,2
Cornell_2025_SOAP_HR_2182,TX20CAS1061,2182,2
Cornell_2025_SOAP_HR_2183,LA10044-4,2183,2
Cornell_2025_SOAP_HR_2184,FLLA17032-41,2184,2
Cornell_2025_SOAP_HR_2185,TX20CAS1041,2185,2
Cornell_2025_SOAP_HR_2186,LA09040SBS-U1,2186,2
Cornell_2025_SOAP_HR_2187,LA08021SBSBS-15-S1,2187,2
Cornell_2025_SOAP_HR_2188,LA17070SBSS-20-1,2188,2
Cornell_2025_SOAP_HR_2189,FLLA17032-5,2189,2
Cornell_2025_SOAP_HR_2190,FLLA17152-71,2190,2
Cornell_2025_SOAP_HR_2191,LA08081BS-T2,2191,2
Cornell_2025_SOAP_HR_2192,LA03040SBSBSB-83,2192,2
Cornell_2025_SOAP_HR_2193,FL13084-8,2193,2
Cornell_2025_SOAP_HR_2194,LA08086BS-T2,2194,2
Cornell_2025_SOAP_HR_2195,TX19CAS0050,2195,2
Cornell_2025_SOAP_HR_2196,NC14-1498,2196,2
Cornell_2025_SOAP_HR_2197,FLLA17028-12,2197,2
Cornell_2025_SOAP_HR_2198,NC14-1767,2198,2
Cornell_2025_SOAP_HR_2199,NC14-1820,2199,2
Cornell_2025_SOAP_HR_2200,LA02065SBSBSBSB-88,2200,2
Cornell_2025_SOAP_HR_2201,NC14-1832,2201,2
Cornell_2025_SOAP_HR_2202,NC14-1643,2202,2
Cornell_2025_SOAP_HR_2203,FLLA17158-30,2203,2
Cornell_2025_SOAP_HR_2204,FLLA17069-76,2204,2
Cornell_2025_SOAP_HR_2205,SCLA17080SBS-4-2,2205,2
Cornell_2025_SOAP_HR_2206,NC14-1787,2206,2
Cornell_2025_SOAP_HR_2207,FLLA16056-12,2207,2
Cornell_2025_SOAP_HR_2208,FL13123-50,2208,2
Cornell_2025_SOAP_HR_2209,FLORIDA 02011,2209,2
Cornell_2025_SOAP_HR_2210,TX20CAS1014,2210,2
Cornell_2025_SOAP_HR_2211,LA16179SSBSS-22-1,2211,2
Cornell_2025_SOAP_HR_2212,SS76-50,2212,2
Cornell_2025_SOAP_HR_2213,FLLA17078-54,2213,2
Cornell_2025_SOAP_HR_2214,TX19CAS0041,2214,2
Cornell_2025_SOAP_HR_2215,NC14-1514,2215,2
Cornell_2025_SOAP_HR_2216,LA08039SBSBS-5-S1,2216,2
Cornell_2025_SOAP_HR_2217,TX20CAS1079,2217,2
Cornell_2025_SOAP_HR_2218,TX19CAS0055,2218,2
Cornell_2025_SOAP_HR_2219,LA06059SBSBSBSB-4-S1,2219,2
Cornell_2025_SOAP_HR_2220,TX09CS1056,2220,2
Cornell_2025_SOAP_HR_2221,LA09013SBS-U4,2221,2
Cornell_2025_SOAP_HR_2222,WINTER_FULGHUM,2222,2
Cornell_2025_SOAP_HR_2223,LA04018SBSB-86,2223,2
Cornell_2025_SOAP_HR_2224,LA04014SBSB-39,2224,2
Cornell_2025_SOAP_HR_2225,FL04155-S06-31-B-S1,2225,2
Cornell_2025_SOAP_HR_2226,TAMO606,2226,2
Cornell_2025_SOAP_HR_2227,LA07033SBSB-33,2227,2
Cornell_2025_SOAP_HR_2228,TX19CAS0047,2228,2
Cornell_2025_SOAP_HR_2229,LA97006GSB-59-2-4-SBS1,2229,2
Cornell_2025_SOAP_HR_2230,FLLA17030-25,2230,2
Cornell_2025_SOAP_HR_2231,FL03146BSB-S1-B-S1,2231,2
Cornell_2025_SOAP_HR_2232,FL13126-57,2232,2
Cornell_2025_SOAP_HR_2233,LA08085SS-T3,2233,2
Cornell_2025_SOAP_HR_2234,LAFL13108FSB-22-1-1,2234,2
Cornell_2025_SOAP_HR_2235,FLLA17119-74,2235,2
Cornell_2025_SOAP_HR_2236,NC12-3931,2236,2
Cornell_2025_SOAP_HR_2237,RODGERS,2237,2
Cornell_2025_SOAP_HR_2238,FL13088-3,2238,2
Cornell_2025_SOAP_HR_2239,LA17067SBSS-44-1,2239,2
Cornell_2025_SOAP_HR_2240,LA08086SBSBS-34,2240,2
Cornell_2025_SOAP_HR_2241,TX14OCS5061,2241,2
Cornell_2025_SOAP_HR_2242,HARRISON,2242,2
Cornell_2025_SOAP_HR_2243,LA17130SBSS-27-1,2243,2
Cornell_2025_SOAP_HR_2244,NC20-4551,2244,2
Cornell_2025_SOAP_HR_2245,FL99084-J2,2245,2
Cornell_2025_SOAP_HR_2246,FLLA17059-4,2246,2
Cornell_2025_SOAP_HR_2247,NC14-1977,2247,2
Cornell_2025_SOAP_HR_2248,LA17126SBSS-48-1,2248,2
Cornell_2025_SOAP_HR_2249,LA07048SBSB-28,2249,2
Cornell_2025_SOAP_HR_2250,NC20-4441,2250,2
Cornell_2025_SOAP_HR_2251,TX18OCS9125,2251,2
Cornell_2025_SOAP_HR_2252,TX20CAS1063,2252,2
Cornell_2025_SOAP_HR_2253,FLLA16028-42,2253,2
Cornell_2025_SOAP_HR_2254,FL13108-62,2254,2
Cornell_2025_SOAP_HR_2255,TX20CAS1039,2255,2
Cornell_2025_SOAP_HR_2256,TX18OCS9100,2256,2
Cornell_2025_SOAP_HR_2257,LA17153SBSS-46-1,2257,2
Cornell_2025_SOAP_HR_2258,LA05011GSBS-30,2258,2
Cornell_2025_SOAP_HR_2259,TX05CS 347-2,2259,2
Cornell_2025_SOAP_HR_2260,TX20CAS1034,2260,2
Cornell_2025_SOAP_HR_2261,TX20CAS1077,2261,2
Cornell_2025_SOAP_HR_2262,LA08056SBSBS-56-S1,2262,2
Cornell_2025_SOAP_HR_2263,TX14OCS5070,2263,2
Cornell_2025_SOAP_HR_2264,FLLA17069-56,2264,2
Cornell_2025_SOAP_HR_2265,FLLA17017-69,2265,2
Cornell_2025_SOAP_HR_2266,TX20CAS1082,2266,2
Cornell_2025_SOAP_HR_2267,FL1049-3,2267,2
Cornell_2025_SOAP_HR_2268,LA09013SBS-U6,2268,2
Cornell_2025_SOAP_HR_2269,FLLA17088-60,2269,2
Cornell_2025_SOAP_HR_2270,LA17089SBSS-73-1,2270,2
Cornell_2025_SOAP_HR_2271,TX20CAS1044,2271,2
Cornell_2025_SOAP_HR_2272,LA09103SBS-U4,2272,2
Cornell_2025_SOAP_HR_2273,NC14-1974,2273,2
Cornell_2025_SOAP_HR_2274,LA09066SBS-U3,2274,2
Cornell_2025_SOAP_HR_2275,LA07048SBSB-39,2275,2
Cornell_2025_SOAP_HR_2276,LA08085BS-T4,2276,2
Cornell_2025_SOAP_HR_2277,TX14OCS5065,2277,2
Cornell_2025_SOAP_HR_2278,LA09015SBS-U1,2278,2
Cornell_2025_SOAP_HR_2279,FLLA17084-28,2279,2
Cornell_2025_SOAP_HR_2280,LA09016SBS-U6,2280,2
Cornell_2025_SOAP_HR_2281,NC14-1874,2281,2
Cornell_2025_SOAP_HR_2282,LA03018SBSBSB-65-S1,2282,2
Cornell_2025_SOAP_HR_2283,LA08016SBSBS-44-S1,2283,2
Cornell_2025_SOAP_HR_2284,LA07026SBS-FS1-AB1,2284,2
Cornell_2025_SOAP_HR_2285,SCLA17076SBS-32-1,2285,2
Cornell_2025_SOAP_HR_2286,FLLA17051-21,2286,2
Cornell_2025_SOAP_HR_2287,FLLA16083-25,2287,2
Cornell_2025_SOAP_HR_2288,NC14-1574,2288,2
Cornell_2025_SOAP_HR_2289,NC19-3542,2289,2
Cornell_2025_SOAP_HR_2290,LA07065SBSBSB-32,2290,2
Cornell_2025_SOAP_HR_2291,HORIZON 306,2291,2
Cornell_2025_SOAP_HR_2292,TX14OCS5078,2292,2
Cornell_2025_SOAP_HR_2293,TX20CAS1047,2293,2
Cornell_2025_SOAP_HR_2294,TX14OCS5011,2294,2
Cornell_2025_SOAP_HR_2295,LA17089SBS-25-2,2295,2
Cornell_2025_SOAP_HR_2296,LA09092SBS-U2,2296,2
Cornell_2025_SOAP_HR_2297,FLLA17158-4,2297,2
Cornell_2025_SOAP_HR_2298,NC14-1799,2298,2
Cornell_2025_SOAP_HR_2299,TX02U7605,2299,2
Cornell_2025_SOAP_HR_2300,FLLA17077-28,2300,2
Cornell_2025_SOAP_HR_2301,NC14-1554,2301,2
Cornell_2025_SOAP_HR_2302,LA16118SSBSS-6-1,2302,2
Cornell_2025_SOAP_HR_2303,FLLA17071-7,2303,2
Cornell_2025_SOAP_HR_2304,LA09028SBS-U2,2304,2
Cornell_2025_SOAP_HR_2305,FL99153FBS-45-1-B-S-B-S1-B-S1,2305,2
Cornell_2025_SOAP_HR_2306,TX20CAS1070,2306,2
Cornell_2025_SOAP_HR_2307,LA04018SBSB-181,2307,2
Cornell_2025_SOAP_HR_2308,Savage,2308,2
Cornell_2025_SOAP_HR_2309,TX14OCS5031,2309,2
Cornell_2025_SOAP_HR_2310,TX20CAS1037,2310,2
Cornell_2025_SOAP_HR_2311,TAMO 406,2311,2
Cornell_2025_SOAP_HR_2312,TX19CAS0020,2312,2
Cornell_2025_SOAP_HR_2313,NC14-1573,2313,2
Cornell_2025_SOAP_HR_2314,LA17089SBS-45-1-1,2314,2
Cornell_2025_SOAP_HR_2315,NC12-3578,2315,2
Cornell_2025_SOAP_HR_2316,NC14-1482,2316,2
Cornell_2025_SOAP_HR_2317,LA17031SBSS-77-1,2317,2
Cornell_2025_SOAP_HR_2318,FLLA17088-61,2318,2
Cornell_2025_SOAP_HR_2319,NC14-1651,2319,2
Cornell_2025_SOAP_HR_2320,LA09078SBS-U7,2320,2
Cornell_2025_SOAP_HR_2321,LA07005SBSBSB-12,2321,2
Cornell_2025_SOAP_HR_2322,TX20CAS1062,2322,2
Cornell_2025_SOAP_HR_2323,TX14OCS5182,2323,2
Cornell_2025_SOAP_HR_2324,LA06063SBSB-S1,2324,2
Cornell_2025_SOAP_HR_2325,NC14-1902,2325,2
Cornell_2025_SOAP_HR_2326,TX14OCS5039,2326,2
Cornell_2025_SOAP_HR_2327,FLLA17109-56,2327,2
Cornell_2025_SOAP_HR_2328,TX20CAS1076,2328,2
Cornell_2025_SOAP_HR_2329,FLLA17069-44,2329,2
Cornell_2025_SOAP_HR_2330,LA08084SBSBS-15,2330,2
Cornell_2025_SOAP_HR_2331,TAMO412,2331,2
Cornell_2025_SOAP_HR_2332,FL13125-17,2332,2
Cornell_2025_SOAP_HR_2333,FLLA17069-53,2333,2
Cornell_2025_SOAP_HR_2334,FLLA16180-50,2334,2
Cornell_2025_SOAP_HR_2335,FLLA17119-66,2335,2
Cornell_2025_SOAP_HR_2336,LA06046-N2-AB3,2336,2
Cornell_2025_SOAP_HR_2337,LA07033SBSB-2,2337,2
Cornell_2025_SOAP_HR_2338,TX20CAS1002,2338,2
Cornell_2025_SOAP_HR_2339,LA04004SBSB-7-B-S1,2339,2
Cornell_2025_SOAP_HR_2340,LA07046SBSBSBS-2-S1,2340,2
Cornell_2025_SOAP_HR_2341,TX10CAS085,2341,2
Cornell_2025_SOAP_HR_2342,FLLA16117-4,2342,2
Cornell_2025_SOAP_HR_2343,LA17129SBSS-60-1,2343,2
Cornell_2025_SOAP_HR_2344,NC13-6579,2344,2
Cornell_2025_SOAP_HR_2345,TX14OCS5041,2345,2
Cornell_2025_SOAP_HR_2346,NC14-1491,2346,2
Cornell_2025_SOAP_HR_2347,TX02U7047,2347,2
Cornell_2025_SOAP_HR_2348,NC14-1818,2348,2
Cornell_2025_SOAP_HR_2349,LA06059SBSBSB-16-S,2349,2
Cornell_2025_SOAP_HR_2350,COKER234,2350,2
Cornell_2025_SOAP_HR_2351,LA04004SBSB-121,2351,2
Cornell_2025_SOAP_HR_2352,SCLA17119SBS-17-2,2352,2
Cornell_2025_SOAP_HR_2353,TX02U7473,2353,2
Cornell_2025_SOAP_HR_2354,TX17OCS8075,2354,2
Cornell_2025_SOAP_HR_2355,FLLA16137-1,2355,2
Cornell_2025_SOAP_HR_2356,FLLA17029-66,2356,2
Cornell_2025_SOAP_HR_2357,TX14OCS5098,2357,2
Cornell_2025_SOAP_HR_2358,SECTARIAT LA495,2358,2
Cornell_2025_SOAP_HR_2359,TX14OCS5037,2359,2
Cornell_2025_SOAP_HR_2360,FLLA17030-18,2360,2
Cornell_2025_SOAP_HR_2361,NC12-3742,2361,2
Cornell_2025_SOAP_HR_2362,TX07CS2652,2362,2
Cornell_2025_SOAP_HR_2363,LA09092SBS-U1,2363,2
Cornell_2025_SOAP_HR_2364,FLLA17069-49,2364,2
Cornell_2025_SOAP_HR_2365,TX19CAS0004,2365,2
Cornell_2025_SOAP_HR_2366,TX19CAS0017,2366,2
Cornell_2025_SOAP_HR_2367,TX20CAS1013,2367,2
Cornell_2025_SOAP_HR_2368,FL13126-79,2368,2
Cornell_2025_SOAP_HR_2369,LA17129SBSS-8-1,2369,2
Cornell_2025_SOAP_HR_2370,FLLA17055-63,2370,2
Cornell_2025_SOAP_HR_2371,LA06058SBS-32-S1,2371,2
Cornell_2025_SOAP_HR_2372,LA07070SBSBSBS-65-S1,2372,2
Cornell_2025_SOAP_HR_2373,NC09-4274N,2373,2
Cornell_2025_SOAP_HR_2374,NC12-3963,2374,2
Cornell_2025_SOAP_HR_2375,FL13126-69,2375,2
Cornell_2025_SOAP_HR_2376,TX14OCS5069,2376,2
Cornell_2025_SOAP_HR_2377,LA09065SBS-U1,2377,2
Cornell_2025_SOAP_HR_2378,TX02U7479,2378,2
Cornell_2025_SOAP_HR_2379,FLORIDA500,2379,2
Cornell_2025_SOAP_HR_2380,FL13123-41,2380,2
Cornell_2025_SOAP_HR_2381,NC14-1543,2381,2
Cornell_2025_SOAP_HR_2382,FL13109-38,2382,2
Cornell_2025_SOAP_HR_2383,OSAGE,2383,2
Cornell_2025_SOAP_HR_2384,LA17008SBSS-59-1,2384,2
Cornell_2025_SOAP_HR_2385,LA07049SBSBSBS-52-S1,2385,2
Cornell_2025_SOAP_HR_2386,TX20CAS1046,2386,2
Cornell_2025_SOAP_HR_2387,FL0943-U2,2387,2
Cornell_2025_SOAP_HR_2388,NC20-4526,2388,2
Cornell_2025_SOAP_HR_2389,FL0914-U2,2389,2
Cornell_2025_SOAP_HR_2390,FL13097-1,2390,2
Cornell_2025_SOAP_HR_2391,FL13113-69,2391,2
Cornell_2025_SOAP_HR_2392,TX19CAS0066,2392,2
Cornell_2025_SOAP_HR_2393,FL0941-U1,2393,2
Cornell_2025_SOAP_HR_2394,FL1013-1,2394,2
Cornell_2025_SOAP_HR_2395,NC12-3845,2395,2
Cornell_2025_SOAP_HR_2396,FL13057-4,2396,2
Cornell_2025_SOAP_HR_2397,LA08085SBSBS-48,2397,2
Cornell_2025_SOAP_HR_2398,NC14-1619,2398,2
Cornell_2025_SOAP_HR_2399,LA08089SBSBS-52-S1,2399,2
Cornell_2025_SOAP_HR_2400,FLLA17030-23,2400,2
Cornell_2025_SOAP_HR_2401,FLLA17071-19,2401,2
Cornell_2025_SOAP_HR_2402,LA07059SBSBSB-44,2402,2
Cornell_2025_SOAP_HR_2403,FLLA17047-55,2403,2
Cornell_2025_SOAP_HR_2404,FL13110-68,2404,2
Cornell_2025_SOAP_HR_2405,LA07048SBSB-5,2405,2
Cornell_2025_SOAP_HR_2406,COKER227,2406,2
Cornell_2025_SOAP_HR_2407,TX02U7097,2407,2
Cornell_2025_SOAP_HR_2408,FLLA16102-41,2408,2
Cornell_2025_SOAP_HR_2409,FLLA09044-U1,2409,2
Cornell_2025_SOAP_HR_2410,FL13112-14,2410,2
Cornell_2025_SOAP_HR_2411,FLLA17051-20,2411,2
Cornell_2025_SOAP_HR_2412,BIG_MAC,2412,2
Cornell_2025_SOAP_HR_2413,SCLA17074SBS-1-1,2413,2
Cornell_2025_SOAP_HR_2414,LA09082SBS-U11,2414,2
Cornell_2025_SOAP_HR_2415,NC12-3447,2415,2
Cornell_2025_SOAP_HR_2416,NC14-1533,2416,2
Cornell_2025_SOAP_HR_2417,TX14OCS5012,2417,2
Cornell_2025_SOAP_HR_2418,LA14009SBSB-21-1-1,2418,2
Cornell_2025_SOAP_HR_2419,LA17017SBSS-16-1,2419,2
Cornell_2025_SOAP_HR_2420,LA17075SBSS-24-1,2420,2
Cornell_2025_SOAP_HR_2421,FLLA17077-16,2421,2
Cornell_2025_SOAP_HR_2422,FL0047-J9,2422,2
Cornell_2025_SOAP_HR_2423,LA16072SBSS-30-1,2423,2
Cornell_2025_SOAP_HR_2424,FLLA17051-2,2424,2
Cornell_2025_SOAP_HR_2425,TX09CS1112,2425,2
Cornell_2025_SOAP_HR_2426,FLLA16179-9,2426,2
Cornell_2025_SOAP_HR_2427,LA05011GSBSBSB-11,2427,2
Cornell_2025_SOAP_HR_2428,FULGRAIN|POGI,2428,2
Cornell_2025_SOAP_HR_2429,FLLA17074-47,2429,2
Cornell_2025_SOAP_HR_2430,HORIZON 270,2430,2
Cornell_2025_SOAP_HR_2431,NC14-1605,2431,2
Cornell_2025_SOAP_HR_2432,LA08083SBSBS-5,2432,2
Cornell_2025_SOAP_HR_2433,LA17067SBSS-26-1,2433,2
Cornell_2025_SOAP_HR_2434,TX14OCS5193,2434,2
Cornell_2025_SOAP_HR_2435,TIFT,2435,2
Cornell_2025_SOAP_HR_2436,FLLA17077-4,2436,2
Cornell_2025_SOAP_HR_2437,NC14-1494,2437,2
Cornell_2025_SOAP_HR_2438,LA17153SBS-20-2-1,2438,2
Cornell_2025_SOAP_HR_2439,LA02012-S-B-139-S2-B-S2-B-S2,2439,2
Cornell_2025_SOAP_HR_2440,TX14OCS5017,2440,2
Cornell_2025_SOAP_HR_2441,NC20-4452,2441,2
Cornell_2025_SOAP_HR_2442,FLLA16056-4,2442,2
Cornell_2025_SOAP_HR_2443,FL03254-L1,2443,2
Cornell_2025_SOAP_HR_2444,FLLA17018-17,2444,2
Cornell_2025_SOAP_HR_2445,LA03046SBS7-B-S1,2445,2
Cornell_2025_SOAP_HR_2446,LA06009SBSBSB-24-S,2446,2
Cornell_2025_SOAP_HR_2447,FLORIDA502,2447,2
Cornell_2025_SOAP_HR_2448,LA06059SBS-84-S1,2448,2
Cornell_2025_SOAP_HR_2449,FLLA17017-70,2449,2
Cornell_2025_SOAP_HR_2450,FLLA17081-23,2450,2
Cornell_2025_SOAP_HR_2451,LA09078SBS-U5,2451,2
Cornell_2025_SOAP_HR_2452,NC14-1985,2452,2
Cornell_2025_SOAP_HR_2453,FLLA17035-50,2453,2
Cornell_2025_SOAP_HR_2454,NC14-1609,2454,2
Cornell_2025_SOAP_HR_2455,FLLA17069-41,2455,2
