block,plot,accession,Entry,Name,Pedigree,NY Seed,random
1,1,TX20CAS1034,304,TX20CAS1034,TX14OCS5086/LA14036S,no seed for NY 2025,0.000957889
1,2,TX20CAS1071,308,TX20CAS1071,TAMO411/TX14OCS5189//TX15OCS6040,no seed for NY 2025,0.004690639
1,3,HORIZON 270,41,HORIZON 270,FL95MEO29/TX93M2107,seed available,0.005981205
1,4,NC12-3922,141,NC12-3922,Rodgers / NC03-2421,seed available,0.009184812
1,5,FL1049-3,28,FL1049-3,FL03262-L1(Bw501/LA9818IBIB-I2-B)/UPF97H2200-7-2,seed available,0.010267673
1,6,FLLA16083-25,347,FLLA16083-25,LA08084SBSBS-15 / LA06059SBSBSB-46,seed available,0.011888629
1,7,LA10044-4,127,LA10044-4,LA97006GSB-59-2-4-SBS1/FL0522-FLID-B-S-B-S-92-S1,seed available,0.011994033
1,8,TX19CAS0002,348,TX19CAS0002,LA09030SBS-U3-AB1/TX07CS1948//UFGS 1050 64-1,seed available,0.01443241
1,9,TX14OCS5065,224,TX14OCS5065,05CS347-1//TX02U7605,seed available,0.016454888
1,10,LA06059SBSBSB-16-S,63,LA06059SBSBSB-16-S,TAMO 405/LA99016,seed available,0.020025106
1,11,FL0943-U4,23,FL0943-U4,"FL0554-Ab5 (UFRGS 01B7114-1-3 (PC68/*Starter F4//UFRGS 10)/FL0127-H1 (FL0051 F1 (FL92SA292-A1/FL92OHR37,896-Y3-A1)/IL 95-8217 (Blaze/Brawn)))/F1 FL0841 (05RAT-00P08(AC Ronald/OT299)/LA02010SBSBSBSB-S2(9513BTB-80-I2/TX00D176))",seed available,0.021895377
1,12,FLLA16166-79,290,FLLA16166-79,TX09CS065 / FL0720-R6,no seed for NY 2025,0.02350582
1,13,Harrison,39,Harrison,Coker 234/74C70//Florida 502,seed available,0.023567256
1,14,Simpson,187,Simpson,"Ballard (Pentagon (Stanton, 1955/Pentagon (Stanton, 1955)/S172 4Cn3/1/3/58/602Cn)",seed available,0.025028178
1,15,LA17129SBSS-60-1,328,LA17129SBSS-60-1,"MN11211 (SA081654)2 / LA16022,F1 (CANTARA / BW 823)",seed available,0.027500076
1,16,FLLA16056-4,292,FLLA16056-4,"LA06059SBSBSB-46 / LA15120,F1,(TX09CS049 / LA07065SBSBSB-32)",seed available,0.02897472
1,17,TX14OCS5080,228,TX14OCS5080,LA99016//TX02U7682,seed available,0.029140041
1,18,COKER 227,6,COKER 227,FL500//Woodgrain/CI7330/3/Moregrain/Milford sel./4/2* Suregrain/PI 287211,seed available,0.034922389
1,19,NC20-4452,449,NC20-4452,Horizon578/Horizon306,seed available,0.035157345
1,20,Fulgrain,36,Fulgrain,Big Boy (unknown/unknown)/Navarro (sel. From North American landrace/sel. From North American landrace),seed available,0.037434084
1,21,FLLA17051-2,263,FLLA17051-2,"LA09015SBS-U1 / LA16067,F1 (LA07059SBSBSB-44 / NC12-3578)",no seed for NY 2025,0.037533997
1,22,FLORIDA 02011,32,FLORIDA 02011,LA9513IBTB-10-1/MF9714-136,seed available,0.039305223
1,23,TX19CAS0050,355,TX19CAS0050,LA07007SBS-FS3-Ab1 / FL0772-R2/TX09CS049,seed available,0.03994481
1,24,LA07007SBSBSB-18,70,LA07007SBSBSB-18,"FL0206FSB-34-S2(UFRGS 995088-3/LA9535D118-4) /  LA06070,F1 (UFRGS046048-1/HZN 270)",seed available,0.046933181
1,25,FL0115-J2,11,FL0115-J2,FL97AB15-A5-B6/TX97C1130,seed available,0.047822829
1,26,NC12-3872,140,NC12-3872,SS76-50 / NC02-8037,seed available,0.050881513
1,27,LA97006GSB-59-2-4-SBS1,129,LA97006GSB-59-2-4-SBS1,TAMO 405/LA99016,seed available,0.054825643
1,28,LA17075SBS-36-2-1,430,LA17075SBS-36-2-1,LA10001SSBS-20 / LA10041SSBS-80,seed available,0.058320181
1,29,TAMO412,236,TAMO412,FL9708-P71=(Coker92Ab719/Horizon314)//TAMO405,seed available,0.062918212
1,30,SCLA16032SSBS-7-1,365,SCLA16032SSBS-7-1,FL0720-R6 / LA99017,seed available,0.067049745
1,31,TX20CAS1079,418,TX20CAS1079,TX14OCS5208/TX09CS031//TX15OCS6137,seed available,0.069170116
1,32,LA07033SBSB-33,77,LA07033SBSB-33,LA02076SBSBSB-S2  /  LA98002---84-2-S1-B-S1,seed available,0.07717631
1,33,FLLA16137-1,289,FLLA16137-1,"LA99016 / LA15101,F1,(LA08084BS-T2 / LA99016)",seed available,0.077885171
1,34,TX20CAS1011,405,TX20CAS1011,TX07CS1948/TX15OCS6039,seed available,0.078109926
1,35,LA08081BS-T2,97,LA08081BS-T2,TX02U7682/UFRGS 028152-1,seed available,0.079412167
1,36,TX14OCS5031,216,TX14OCS5031,TX02U7490//TX08CAS1796,seed available,0.091347743
1,37,NC12-3963,143,NC12-3963,NC03-2421 / SS76-40,seed available,0.092532396
1,38,FL0943-U2,22,FL0943-U2,"FL0554-Ab5 (UFRGS 01B7114-1-3 (PC68/*Starter F4//UFRGS 10)/FL0127-H1 (FL0051 F1 (FL92SA292-A1/FL92OHR37,896-Y3-A1)/IL 95-8217 (Blaze/Brawn)))/F1 FL0841 (05RAT-00P08(AC Ronald/OT299)/LA02010SBSBSBSB-S2(9513BTB-80-I2/TX00D176))",seed available,0.092740418
1,39,FLLA17059-4,284,FLLA17059-4,LA09015SBS-U4 / NC12-3447,seed available,0.092740499
1,40,NC14-1974,179,NC14-1974,Gerard 229 / Rodgers,seed available,0.096089218
1,41,FL0941-U1,21,FL0941-U1,LA04014S-L1 (LA99017SBSB-46/LA833-99AB118)/F1 FL0853 (FL0746 F1(FL0105FSBSBS20-B-S1(TX97C1168/IA 91462-45-1-6)/QR1860BSB-S2 (UFRGS921260 / X8204-1))/FL0206FSB-34-S1-B-S1(UFRGS 995088-3/LA9535D118-4)),seed available,0.099105293
1,42,FLORIDA 501,34,FLORIDA 501,Florad/5/Fulgrain Strain 3/Suregrain/4/Victorgrain*2//Bond/ Fulghum/3/Suregrain,seed available,0.099452379
1,43,LA07065SBSBSB-32,86,LA07065SBSBSB-32,TAMO 405/UFRGS 028152-1,seed available,0.102981961
1,44,LA17153SBS-20-2-1,330,LA17153SBS-20-2-1,NC12-3447 / LA09015SBS-U4,seed available,0.103308368
1,45,FL1013-2,25,FL1013-2,SD60130(IL95-1241/W00276)/UFRGS 087212-1,seed available,0.104148489
1,46,NC09-4274N,132,NC09-4274N,LA 9339/SS76-40 // FLLA95131,seed available,0.108228139
1,47,LA09066SBS-U3,118,LA09066SBS-U3,MN06120/TX02U7682,seed available,0.109842772
1,48,FLLA17030-25,396,FLLA17030-25,"HZN 306  / LA16090,F1 (LA08085SBSBS-30 / MN2013BT1021-1-2)",seed available,0.111463501
1,49,TX05CS 347-2,200,TX05CS 347-2,TAMO 405/Plot Spike LA9339,seed available,0.112025843
1,50,LA09026SBS-U3,113,LA09026SBS-U3,HZN LA976/MN06120,seed available,0.112609426
1,51,LA08039SBSBS-5-S1,94,LA08039SBSBS-5-S1,LA02065SBSBSB-S2/LA99017,seed available,0.114339078
1,52,FLLA17020-55,441,FLLA17020-55,"FL0720-R6/LA16098,F1(LA09103SBS-U5/LA99017)",seed available,0.115233577
1,53,LA17089SBSS-73-1,326,LA17089SBSS-73-1,LA10041SSBS-80 / LA99017,seed available,0.115837628
1,54,TAMO 406,190,TAMO 406,Mitchell/TX83Ab2923/TAMO386R,seed available,0.116847314
1,55,NC14-1874,176,NC14-1874,SS76-50 / Rodgers,seed available,0.117233668
1,56,FLLA17069-53,334,FLLA17069-53,LA09015SBS-U4 / LA99016,seed available,0.119456683
1,57,LA17153SBSS-55-1,332,LA17153SBSS-55-1,NC12-3447 / LA09015SBS-U4,seed available,0.119923135
1,58,FLLA17031-57,397,FLLA17031-57,"HZN 306  / LA16188,F1 (UFRGS 087045-3 / MN11140)",seed available,0.123340306
1,59,LA08086BS-T2,106,LA08086BS-T2,UFRGS 046050-4/FL0016-H4,seed available,0.123556485
1,60,FL13110-68,249,FL13110-68,LA06071-SBSB-S10 (UFRGS046048-1/TX02U7605)/BW 08-19)/LA08043SBSBS-4 (LA03046SBS7-B-S1/LA97006GSB-59-2-4),no seed for NY 2025,0.124034715
1,61,NC14-1584,158,NC14-1584,NC01-3497 / BYDV 121,seed available,0.124078526
1,62,FLLA17029-66,374,FLLA17029-66,"HZN 306  / LA16044,F1 (HZN 306  / FL0720-R6)",seed available,0.13128689
1,63,LA17017SBSS-16-1,424,LA17017SBSS-16-1,FL0720-R6 / LA10001SSBS-20,seed available,0.133318859
1,64,LA17031SBSS-77-1,426,LA17031SBSS-77-1,"HZN 306  / LA16049,F1 (HZN 306  / UFRGS 087045-3)",seed available,0.136241799
1,65,LA06059SBSBSB-97-S,64,LA06059SBSBSB-97-S,TAMO 405/LA99016,seed available,0.136970595
1,66,FL03001BSB-S7,12,FL03001BSB-S7,LA9339E45/Bw3996,seed available,0.140421786
1,67,TX02U 7047,194,TX02U 7047,TAMO386ERB/TAMO386R/92SAT24-4,seed available,0.140915804
1,68,TX02U 7479,197,TX02U 7479,"92M1009(T386""S""/94Ab347",seed available,0.141452071
1,69,FLLA17149-30,344,FLLA17149-30,NC12-3447 / LA09015SBS-U1,seed available,0.14460819
1,70,TX20CAS1047,410,TX20CAS1047,TX14OCS5159/LA07070SBSBSBS-65-S1,seed available,0.145999194
1,71,LA17089SBS-45-1-1,325,LA17089SBS-45-1-1,LA10041SSBS-80 / LA99017,seed available,0.146088282
1,72,TX19CAS0066,359,TX19CAS0066,TX14OCS5003/LA09074SBS-U4,seed available,0.146647811
1,73,FL13123-50,253,FL13123-50,FL06082-N6-Ab1 (TAMO 406/FL99175-H5 (TX93AB693/Plot Spike LA9339))/Bw 13,no seed for NY 2025,0.149106515
1,74,LA07065SBS-FS2-Ab1,87,LA07065SBS-FS2-Ab1,TAMO 405/UFRGS 028152-1,seed available,0.14996199
1,75,TROPHY,193,TROPHY,LA90120C2-3-AB1/TX96M1558,seed available,0.152159813
1,76,LA07048SBSB-5,82,LA07048SBSB-5,LA98002SBS-64  /  LA99017,seed available,0.15282742
1,77,FL03254-L1,14,FL03254-L1,LA982IBI-64(833/TAMO 397)/UFRGS 028155,seed available,0.153857798
1,78,LA07048SBSB-19,79,LA07048SBSB-19,LA98002SBS-64  /  LA99017,seed available,0.154362236
1,79,LA04004SBSB-121,51,LA04004SBSB-121,UFRGS995080-1/9818IBI-24-B-I1,seed available,0.154840423
1,80,LA06059SBS-84-S1,62,LA06059SBS-84-S1,TAMO 405/HZN LA976,seed available,0.158454828
1,81,TX14OCS5061,223,TX14OCS5061,TX08CS2235//TX00D110,seed available,0.166315323
1,82,LAFL13108FSB-22-1-1,437,LAFL13108FSB-22-1-1,LA07065SBSBSB-20 (TAMO 405/UFRGS 028152-1)/BW 533,seed available,0.167864796
1,83,LA16179SSBSS-22-1,421,LA16179SSBSS-22-1,"TX14OCS5212 / LA15044,F1,(HZN 306 (LA05006) / LA08048SBSBS-15)",seed available,0.168139846
1,84,NC14-1619,161,NC14-1619,BYDV-135 / Gerard 224,seed available,0.170355383
1,85,FLLA17088-66,386,FLLA17088-66,LA10044SSBS-1 / LA10001SSBS-20,seed available,0.171035424
1,86,LA99017 (BUCK),131,LA99017 (BUCK),TX96M1385/LA604,seed available,0.171248629
1,87,NC14-1554,155,NC14-1554,NC3981-4 / WT1,seed available,0.172649473
1,88,NC14-1695,165,NC14-1695,Gerard 229 / NC05-5456,seed available,0.17267403
1,89,TX20CAS1063,415,TX20CAS1063,TX15OCS6138/TX07CS1228,seed available,0.173218877
1,90,FLLA17051-21,378,FLLA17051-21,"LA09015SBS-U1 / LA16067,F1 (LA07059SBSBSB-44 / NC12-3578)",seed available,0.17590593
1,91,NC14-1989,182,NC14-1989,SS76-40 / NC05-5455,seed available,0.179153995
1,92,TX20CAS1037,305,TX20CAS1037,TX14OCS5086/LA14036S,seed available,0.180756744
1,93,FL13113-69,251,FL13113-69,FL0858-S2-Ab1 (LA04013SBSB-S3(99012SBS-23-S/UFRGS995080-1)/FL0047-J2(Horizon 474/TX97C1168))/BW 08-5,seed available,0.182842842
1,94,TX19CAS0017,350,TX19CAS0017,TX07CS1948/LA08051BS-T2//TX14OCS5189,seed available,0.186087975
1,95,Gerard 224,37,Gerard 224,Rodgers/Txab29923//Rodgers,seed available,0.186650218
1,96,LA07059SBSBSB-44,85,LA07059SBSBSB-44,ND000824  /  TROPHY,seed available,0.187404189
1,97,TX19CAS0091,362,TX19CAS0091,"FL0772-R2 / LA13036, F1(LA06067SBSBSB-13 / LA07048SBSB-39)//TX14OCS5134",seed available,0.188196877
1,98,NC12-3931,142,NC12-3931,Rodgers / NC03-2421,seed available,0.190189973
1,99,FLLA17077-16,384,FLLA17077-16,LA10001SSBS-20 / NC12-3447,seed available,0.191880301
1,100,FL99153FBS-45-1-B-S-B-S1-B-S1,31,FL99153FBS-45-1-B-S-B-S1-B-S1,TX95C3147/FL98007 F1(SC 942283/UFRGS 940556),seed available,0.192096184
1,101,FLLA16117-4,288,FLLA16117-4,"LA15040,F1,(FL0720-R6 / LA99017) / NC12-3578",seed available,0.197178534
1,102,TX14OCS5193,233,TX14OCS5193,Horizon 201//TX02U7473,seed available,0.199574361
1,103,FL0923-U2,19,FL0923-U2,MN 06133 (Sask01T-602-05-06/MN01117)/F1 FL0852 (FL0748 F1(Ave. 135.02/SD030888 (SD97039//SD96280/OT275)) /LA97006GSB-59-2-4-SBS1 (FL92OHR26763/TX93M2107)),seed available,0.202228635
1,104,TX14OCS5010,210,TX14OCS5010,TX02U7227//NF27,seed available,0.203740948
1,105,Savage (TX14OCS5212),439,Savage (TX14OCS5212),FL0115-J4/TX02U7047,seed available,0.204175097
1,106,FLLA17069-52,337,FLLA17069-52,LA09015SBS-U4 / LA99016,seed available,0.204964086
1,107,TIFT,192,TIFT,NA,seed available,0.212246326
1,108,LA07007SBSB-68,69,LA07007SBSB-68,"FL0206FSB-34-S2  /  LA06070,F1 (UFRGS046048-1/HZN 270)",seed available,0.215485507
1,109,FLLA11019S-8,235,FLLA11019S-8,FL0564-Ab13 / LA06071SBSB-S1,seed available,0.218743918
1,110,LA04004SBSB-7-B-S1,53,LA04004SBSB-7-B-S1,LA97006GBS-30-1-C/LA90113-1-B3-AFL2-1-19-3-1,seed available,0.219809894
1,111,LA07023SBS-FS5-Ab1,73,LA07023SBS-FS5-Ab1,"LA02029SBSBS48/LA06022,F1 (LA9339/UFRGS 028152-1)",seed available,0.220176293
1,112,FLLA17069-56,381,FLLA17069-56,LA09015SBS-U4 / LA99016,seed available,0.2208655
1,113,TX19CAS0073,361,TX19CAS0073,LA08085BS-T4/TX02D079,seed available,0.221013571
1,114,LA09016SBS-U6,112,LA09016SBS-U6,FL0210-J1/UFRGS 046050-4,seed available,0.221824754
1,115,TX05CS 347-1 (??TAMO405),199,TX05CS 347-1 (??TAMO405),TAMO 405/Plot Spike LA9339,seed available,0.224162115
1,116,LA99016,130,LA99016,TX96M1385/SECTLA495,seed available,0.229024087
1,117,Cantara,5,Cantara,FL03053-S06-15-B-S1 (LA989IBI-51-B-I1-I2/UFRGS01B6189-6-3),seed available,0.235913142
1,118,TX14OCS5069,225,TX14OCS5069,TX02U7605//FL115-J2,seed available,0.237072823
1,119,LA17008SBSS-24-1,319,LA17008SBSS-24-1,"BW 08-5 / LA16160,F1 (SD110304 / TX14OCS5212)",seed available,0.241340137
1,120,TX19CAS0004,349,TX19CAS0004,LA07005SBSBSB12/TXO7CS1948,seed available,0.249145633
1,121,NC14-1820,174,NC14-1820,SS76-40 / NC02-8057,seed available,0.249436218
1,122,TX09CS1056,206,TX09CS1056,03ABF1#105(TX96M1384/Horizon 314)//TAMO 405,seed available,0.250069306
1,123,LA07070SBSBSBS-65-S1,88,LA07070SBSBSBS-65-S1,TX02U7473/UFRGS 01B7114-1-3,seed available,0.25016823
1,124,FLLA17028-12,262,FLLA17028-12,"HZN 306  / LA16032,F1 (FL0720-R6 / LA99017)",seed available,0.25160636
1,125,NC14-1543,154,NC14-1543,NC3981-4 / WT1,seed available,0.252680043
1,126,FLLA16179-9,401,FLLA16179-9,"TX14OCS5212 / LA15044,F1,(HZN 306 (LA05006) / LA08048SBSBS-15)",seed available,0.255986314
1,127,LA09013SBS-U4,109,LA09013SBS-U4,FL0115-J2/WIX8347-2-B-S1,seed available,0.260149382
1,128,LA09103SBS-U5,126,LA09103SBS-U5,LA97006GSB-59-2-4/UFRGS08708-4,seed available,0.271396437
1,129,NC14-1491,148,NC14-1491,NC02-456 / SS76-40,seed available,0.275942379
1,130,HORIZON 306,42,HORIZON 306,LA9339’/’TAMO 405,seed available,0.276697206
1,131,FLORIDA 502,35,FLORIDA 502,NA,seed available,0.276864758
1,132,TX20CAS1041,407,TX20CAS1041,TX14OCS5141/LA07070SBSBSBS-65-S1,seed available,0.278329857
1,133,TX20CAS1002,298,TX20CAS1002,LA09026SBS-U1//TX09CS1112/LA06059,seed available,0.279847075
1,134,TX20CAS1001,297,TX20CAS1001,LA07005SBSBSBS-9-S1/TX14OCS5073,seed available,0.281598566
1,135,NC20-4551,448,NC20-4551,Horizon578/NC10-5051,seed available,0.284587774
1,136,TX20CAS1062,414,TX20CAS1062,TX15OCS6138/TX07CS1228,seed available,0.285267913
1,137,FLLA17088-61,341,FLLA17088-61,LA10044SSBS-1 / LA10001SSBS-20,seed available,0.286891464
1,138,NC14-1501,151,NC14-1501,Gerard 224 / Caballo,seed available,0.288846371
1,139,Horizon 201,40,Horizon 201,FL92OHR35183-Y1/TX96M1384 (=FL99201-D29-E1),seed available,0.292072087
1,140,NC14-1747,166,NC14-1747,Gerard 224 / NC03-5579N,seed available,0.294563832
1,141,TX14OCS5070,226,TX14OCS5070,FLO115-J2//TX02U7682,seed available,0.296129761
1,142,LA08016SBSBS-44-S1,89,LA08016SBSBS-44-S1,BW5-33/UFRGS046048-1,seed available,0.302181014
1,143,TX20CAS1061,413,TX20CAS1061,TX15OCS6138/TX07CS1228,seed available,0.303356626
1,144,TX20CAS1076,417,TX20CAS1076,TX14OCS5208/TX09CS031//TX15OCS6137,seed available,0.304507578
1,145,FLLA09044-U1,239,FLLA09044-U1,UFRGS 028153-2/LA99016,seed available,0.305060006
1,146,FLLA17084-28,286,FLLA17084-28,LA10041SSBS-80 / LA99017,seed available,0.30524442
1,147,LA07049SBSBSBS-52-S1,83,LA07049SBSBSBS-52-S1,LA99016/HZN 270,seed available,0.306167081
1,148,SECTARIAT LA495,186,SECTARIAT LA495,Coker 84-15*2/4/'Blizzard'/3/Coker 79-21//'Coker 234'/CI9139,no seed for NY 2024 or 2025,0.311580603
1,149,LA05011GSBSBSB-11,58,LA05011GSBSBSB-11,TAMO405/LA99016,seed available,0.311658921
1,150,LA09040SBS-U1,115,LA09040SBS-U1,"LA02035-I-J1-S1/LA08092,F1(UFRGS 057023-4 / TAMO405)",seed available,0.312445896
1,151,FLLA17074-47,268,FLLA17074-47,LA10001SSBS-20 / MN2013BT1020-1-1,seed available,0.31552068
1,152,FLLA17088-60,271,FLLA17088-60,LA10044SSBS-1 / LA10001SSBS-20,seed available,0.315535663
1,153,TX02U 7097,195,TX02U 7097,TX92M1505(C5-2 1563 CR Cpx/SR Cpx/unknown)/TX83Ab2923,seed available,0.318727049
1,154,FLLA17069-76,383,FLLA17069-76,LA09015SBS-U4 / LA99016,seed available,0.319541537
1,155,LA07007SBSBSB-24,71,LA07007SBSBSB-24,"FL0206FSB-34-S2/LA06070,F1 (UFRGS046048-1/HZN 270)",seed available,0.323533719
1,156,FLLA17030-23,346,FLLA17030-23,"HZN 306  / LA16090,F1 (LA08085SBSBS-30 / MN2013BT1021-1-2)",seed available,0.323618342
1,157,LA17080SBS-32-1-1,432,LA17080SBS-32-1-1,LA10001SSBS-20 / MN2013BT1021-1-2,seed available,0.329769318
1,158,NC14-1482,147,NC14-1482,NC02-456 / SS76-40,seed available,0.33132887
1,159,TX14OCS5182,232,TX14OCS5182,Plot Spike//TX07CS425,seed available,0.336277392
1,160,FLLA17119-74,275,FLLA17119-74,MN11211 (SA081654)2 / NC12-3447,seed available,0.3368474
1,161,NC13-6584,145,NC13-6584,NC01-3981/WN10B//NC01-3981,seed available,0.338544466
1,162,NC14-1832,175,NC14-1832,SS76-40 / NC02-8057,seed available,0.342115001
1,163,LA08085SBSBS-48,103,LA08085SBSBS-48,UFRGS 046048-1 F6/FL0206FSB-34-S1-B-S1,seed available,0.343460761
1,164,LA07017SBSB-30,72,LA07017SBSB-30,LA02018SBSBS5-B-S1(LA9533D36-6/TX98D666)  /  LA9339,seed available,0.34518839
1,165,LA02065SBSBSBSB-88,45,LA02065SBSBSBSB-88,LA604/982IBI-64(833/T397),seed available,0.345205117
1,166,TX20CAS1024,302,TX20CAS1024,FLO522/TX07CS2783//TAMO405/LA9339(PS)///LA05011GSBS-30/TX02D079,no seed for NY 2025,0.34730204
1,167,FL13123-54,254,FL13123-54,FL06082-N6-Ab1 (TAMO 406/FL99175-H5 (TX93AB693/Plot Spike LA9339))/Bw 13,no seed for NY 2025,0.356744132
1,168,FL03146BSB-S1-B-S1,13,FL03146BSB-S1-B-S1,TAMO 405/HZN 474,seed available,0.358090388
1,169,LA17088SBSS-15-1,324,LA17088SBSS-15-1,"LA10041SSBS-80 / LA16165,F1 (TX09CS065 / BW 08-5)",seed available,0.363734953
1,170,FLLA17069-44,333,FLLA17069-44,LA09015SBS-U4 / LA99016,seed available,0.364073739
1,171,Rodgers,185,Rodgers,Coker 80-33/NC 81-376,seed available,0.3650946
1,172,TX20CAS1070,307,TX20CAS1070,TAMO411/TX14OCS5189//TX15OCS6040,seed available,0.366436233
1,173,FLLA17030-18,280,FLLA17030-18,"HZN 306  / LA16090,F1 (LA08085SBSBS-30 / MN2013BT1021-1-2)",seed available,0.366814781
1,174,TAMO 405,189,TAMO 405,unknown (single vol. plant sel.),seed available,0.367637035
1,175,TX14OCS5054,222,TX14OCS5054,TX02U7029//TX00D110,seed available,0.373248379
1,176,NC14-1686,164,NC14-1686,Gerard 224 / NC02-8057,seed available,0.375662324
1,177,FLLA17152-42,345,FLLA17152-42,"NC12-3447 / LA16016,F1 (BW 08-5 / MN11140)",seed available,0.380403197
1,178,FL13108-62,247,FL13108-62,LA07065SBSBSB-20 (TAMO 405/UFRGS 028152-1)/BW 533,seed available,0.381516486
1,179,SCLA17152SBS-1-1,364,SCLA17152SBS-1-1,NC12-3447 / LA09015SBS-U1,seed available,0.388389129
1,180,FLLA17032-41,376,FLLA17032-41,"HZN 306  / LA16188,F1 (UFRGS 087045-3 / MN11140)",seed available,0.394975148
1,181,LA15029SB-18-1-1,312,LA15029SB-18-1-1,BW 139-9 / LA99016,no seed for NY 2025,0.398737541
1,182,LA08051SBSB-32,95,LA08051SBSB-32,LA9339/UFRGS 055093-1,seed available,0.399216248
1,183,TX19CAS0058,358,TX19CAS0058,TX14OCS5003/LA07023SBS-FS5-Ab1,seed available,0.399399789
1,184,TX14OCS5036,217,TX14OCS5036,TX08Cas1809//TAMO406,seed available,0.400093668
1,185,TX18OCS9135,455,TX18OCS9135,FL0703-R5-AB1//FL03254-L1/TX09CS1029,seed available,0.402610885
1,186,FL12034-10,237,FL12034-10,LA06055SBSBSB-79 (TAMO 405/LA02054-S-B-167-S2)/FL11048 F1 (FL03038-L1/MN 08262),seed available,0.402812063
1,187,Ozark,184,Ozark,Florida 167 (Bond/Fulghum)/6-81-3 (unknown/unknown),seed available,0.403040178
1,188,NC14-1514,152,NC14-1514,NC02-8037 / SS76-40,seed available,0.405010985
1,189,TX14OCS5014,213,TX14OCS5014,TX08Cas 1840//NF27,seed available,0.408645098
1,190,LA08086SBSBS-34,107,LA08086SBSBS-34,UFRGS 046050-4/FL0016-H4,seed available,0.411176425
1,191,LA08085BS-T1,100,LA08085BS-T1,UFRGS 046048-1 F6/FL0206FSB-34-S1-B-S1,seed available,0.411264466
1,192,NC14-1605,159,NC14-1605,NC03-2567 / SS76-40,seed available,0.411364547
1,193,TX18OCS9125,454,TX18OCS9125,FL0703-R5-AB1//TX09CS1029/LA04004SBSB-7-B-S1,seed available,0.416336357
1,194,TAMO 606,191,TAMO 606,Citation/84IORN#30 (=CX466-1-B4-D3-5),seed available,0.419037368
1,195,LA02012-S-B-139-S2-B-S2-B-S2,43,LA02012-S-B-139-S2-B-S2-B-S2,LA9513IBTB-80-I1-B/MF9424-24,seed available,0.421286465
1,196,TX19CAS0055,356,TX19CAS0055,LA08051BS-T2/TX14OCS5001,seed available,0.421657292
1,197,NC12-3578,136,NC12-3578,SS76-40 / NC02-7989 // LA98105B,seed available,0.424946067
1,198,FLLA16102-41,293,FLLA16102-41,LA10008SSBS-21 / NC09-4274N,seed available,0.425025474
1,199,NC20-4441,445,NC20-4441,Horizon306/Gerard224,seed available,0.426487296
1,200,LA17070SBSS-20-1,429,LA17070SBSS-20-1,"LA09015SBS-U4 / LA16170,F1 (TX14OCS5160 / HZN 306 )",seed available,0.428007072
1,201,FL13123-60,255,FL13123-60,FL06082-N6-Ab1 (TAMO 406/FL99175-H5 (TX93AB693/Plot Spike LA9339))/Bw 13,seed available,0.43177958
1,202,LA17067SBSS-44-1,428,LA17067SBSS-44-1,LA09015SBS-U4 / LA10001SSBS-20,seed available,0.432720217
1,203,LA03018SBSBSB-65-S1,46,LA03018SBSBSB-65-S1,LA9819IBI-75-2-B/FL9418-A3-B4-B-I,seed available,0.435433068
1,204,TX19CAS0032,352,TX19CAS0032,LA07005SSBSB12//LA07007SBSBSB-18/TX09CS058,seed available,0.438760797
1,205,TX14OCS5018,215,TX14OCS5018,NF27//TX07CS1805,seed available,0.440862786
1,206,FL99084-J2,30,FL99084-J2,TX96D210FL/98008 F1(LA90151-BB-11-2-1/UFRGS 940556),seed available,0.44141624
1,207,FL13057-4,240,FL13057-4,FL0704-R1 (FL99084-J4/UFRGS 057070-1)/FL0772-R3 (LA02018SBSBS5-B-S1/UFRGS 057029-4 ),seed available,0.444738815
1,208,FL11044-1,29,FL11044-1,Horizon 201/UFRGS 087045-3,seed available,0.444988361
1,209,Coker 716,8,Coker 716,Coker 62-30 (unknown/unknown)/Beltsville Selection 279 (unnamed_9419/Clintland),seed available,0.446082405
1,210,TX09CS1112,207,TX09CS1112,Horizon 314//TX02U7097(TX92M1505=C5-2 1563CR cpx/Unknown/TX83Ab2923),seed available,0.448986936
1,211,FLLA17055-63,264,FLLA17055-63,LA09015SBS-U4 / LA10001SSBS-20,seed available,0.457671698
1,212,FLLA17031-71,398,FLLA17031-71,"HZN 306  / LA16188,F1 (UFRGS 087045-3 / MN11140)",seed available,0.458720688
1,213,FLLA09015-U4,245,FLLA09015-U4,FL0210-J1/MN06023,seed available,0.460818974
1,214,TX20CAS1006,404,TX20CAS1006,TX07CS1948/TX15OCS6039,seed available,0.461310061
1,215,TX14OCS5041,220,TX14OCS5041,TX02D44//TX05CS556,seed available,0.461681662
1,216,FLLA17025-4,261,FLLA17025-4,HZN 306  / LA10041SSBS-80,no seed for NY 2025,0.462913707
1,217,LA05011GSBS-30,57,LA05011GSBS-30,TAMO405/LA99016,seed available,0.463559596
1,218,FLLA17077-4,269,FLLA17077-4,LA10001SSBS-20 / NC12-3447,seed available,0.464714001
1,219,LA03060SBSBSB-S1,49,LA03060SBSBSB-S1,TX96M1398/LA9339,seed available,0.465857818
1,220,NC14-1494,149,NC14-1494,Gerard 224 / Caballo,seed available,0.468888115
1,221,LA07048SBSB-28,80,LA07048SBSB-28,LA98002SBS-64  /  LA99017,seed available,0.471337823
1,222,FLLA17069-49,380,FLLA17069-49,LA09015SBS-U4 / LA99016,seed available,0.476316735
1,223,TX19CAS0067,360,TX19CAS0067,TX14OCS5003/LA09074SBS-U4,seed available,0.478432178
1,224,LA02035-I-J1,44,LA02035-I-J1,LA978GIB-172/HZN LA976,seed available,0.479938907
1,225,LA17110SBSS-16-1,327,LA17110SBSS-16-1,LA99016 / LA09015SBS-U1,seed available,0.482484962
1,226,SCLA17048SBS-4-2,366,SCLA17048SBS-4-2,LA08084SBSBS-15 / LA10044SSBS-1,seed available,0.48691823
1,227,LA17075SBSS-29-1,323,LA17075SBSS-29-1,LA10001SSBS-20 / LA10041SSBS-80,seed available,0.488300591
1,228,LAFL17541-5-1,438,LAFL17541-5-1,TX09CS049/LA09015SBS-U2,seed available,0.488768071
1,229,NC14-1651,163,NC14-1651,NC05-5456 / SS76-40,seed available,0.489891499
1,230,FL0047-J9,10,FL0047-J9,Horizon 474/TX97C1168,seed available,0.491054706
1,231,LA09103SBS-U4,125,LA09103SBS-U4,LA97006GSB-59-2-4/UFRGS08708-4,seed available,0.491332299
1,232,TX14OCS5112,230,TX14OCS5112,TX02U7227//TX08CS2235,seed available,0.494247873
1,233,LA16072SBSS-30-1,318,LA16072SBSS-30-1,LA08016SBSBS-44-S1 / MN2013BT1021-1-2,seed available,0.499093248
1,234,LA08089SBSBS-52-S1,108,LA08089SBSBS-52-S1,UFRGS 050723-4/FL0115-J2,seed available,0.499240468
1,235,LA08024SBSBS-29-S1,92,LA08024SBSBS-29-S1,FL0115-J2/LA97006GSB-59-2-4,seed available,0.505329962
1,236,FL13126-57,258,FL13126-57,"BW 837/LA06014SBSBSBSB-34 (LA02079-S-B-69-S2/LA05006,F1(LA9339/TAMO 405))",seed available,0.505933636
1,237,FL13123-73,256,FL13123-73,FL06082-N6-Ab1 (TAMO 406/FL99175-H5 (TX93AB693/Plot Spike LA9339))/Bw 13,no seed for NY 2025,0.506040647
1,238,FLLA17158-11,391,FLLA17158-11,FL0720-R6 / LA10041SSBS-80,seed available,0.506903405
1,239,COKER 234,7,COKER 234,FL500//Woodgrain/CI7330/3/Moregrain/Milford sel./4/2* Suregrain/PI 287211,seed available,0.508632887
1,240,FLLA17017-70,394,FLLA17017-70,"FL0720-R6 / LA16048,F1 (HZN 306  / TX14OCS5212)",seed available,0.513555117
1,241,FL13084-8,244,FL13084-8,LA08092SBSBS-17 (UFRGS 057023-4/TAMO405)/BW 08- 31,seed available,0.516435967
1,242,LA09015SBS-U1 (Jaggernaut),111,LA09015SBS-U1 (Jaggernaut),FL0210-J1/MN06023,seed available,0.516582686
1,243,LA04018SBSB-86,56,LA04018SBSB-86,HARRISON/TAMO405,seed available,0.517271686
1,244,TX14OCS5017,214,TX14OCS5017,NF27//TX07CS1805,seed available,0.5194386
1,245,TX18OCS9061,451,TX18OCS9061,LA09013SBSBU6-AB1/TX11CS009,seed available,0.519512942
1,246,LA14009SBSB-21-1-1,317,LA14009SBSB-21-1-1,"FL0529-N1 / LA13006, F1(FL04176-S06-21-B-S1 / ND081465)",seed available,0.519706663
1,247,FLLA16102-76,295,FLLA16102-76,LA10008SSBS-21 / NC09-4274N,seed available,0.522492078
1,248,NC14-1574,157,NC14-1574,BYDV121 / NC03-8331,seed available,0.524607009
1,249,FLLA16179-3,400,FLLA16179-3,"TX14OCS5212 / LA15044,F1,(HZN 306 (LA05006) / LA08048SBSBS-15)",seed available,0.526192871
1,250,FL13097-1,243,FL13097-1,"BW 837/LA07007SBSB-68 (FL0206FSB-34-S2/LA06070,F1 (UFRGS046048-1/HZN 270))",seed available,0.530721435
1,251,BOB,2,BOB,Nora/Florida 501,seed available,0.532555143
1,252,FLLA16102-75,294,FLLA16102-75,LA10008SSBS-21 / NC09-4274N,seed available,0.533429723
1,253,NC20-4621,447,NC20-4621,NC12-3868/NC12-3753,seed available,0.538099231
1,254,SCLA17151SBS-40-1,372,SCLA17151SBS-40-1,NC12-3447 / FL0720-R6,seed available,0.53867258
1,255,LA09045SBS-U3,116,LA09045SBS-U3,LA03046SBS7-B-S1/MN06120,seed available,0.538972566
1,256,LA09028SBS-U2,114,LA09028SBS-U2,"HZN270/LA08014,F1(BW5-33 / IL00-8279)",seed available,0.542843265
1,257,LA17080SBS-29-1-1,431,LA17080SBS-29-1-1,LA10001SSBS-20 / MN2013BT1021-1-2,seed available,0.543988008
1,258,LA17089SBS-25-2-1,433,LA17089SBS-25-2-1,LA10041SSBS-80 / LA99017,seed available,0.544677115
1,259,TX09CS058,205,TX09CS058,TX92M1505/TX83Ab2923//TX93Ab693=H833Sel,seed available,0.545360761
1,260,NC14-1799,172,NC14-1799,Norline / SS76-40,seed available,0.545703317
1,261,FLLA17035-69,399,FLLA17035-69,LA08084SBSBS-15 / LA10041SSBS-80,seed available,0.546223388
1,262,NC14-1965,178,NC14-1965,SS76-40 / NC01-3497,seed available,0.547354488
1,263,NC12-3845,139,NC12-3845,NC01-3981 / Rodgers,seed available,0.547708016
1,264,NC14-1902,177,NC14-1902,SS76-40 / Gerard 229,seed available,0.547739575
1,265,FLLA17077-28,385,FLLA17077-28,LA10001SSBS-20 / NC12-3447,seed available,0.555882734
1,266,FLLA17152-71,390,FLLA17152-71,"NC12-3447 / LA16016,F1 (BW 08-5 / MN11140)",seed available,0.557012869
1,267,FLLA17119-66,343,FLLA17119-66,MN11211 (SA081654)2 / NC12-3447,seed available,0.562789829
1,268,FLLA17152-47,277,FLLA17152-47,"NC12-3447 / LA16016,F1 (BW 08-5 / MN11140)",seed available,0.56333498
1,269,FLLA13043-57,246,FLLA13043-57,LA07007SBSBSB-18 / LA08040SBSB-49,seed available,0.564829489
1,270,FLLA17025-20,373,FLLA17025-20,HZN 306  / LA10041SSBS-80,seed available,0.565509913
1,271,SCLA17119SBS-17-2,367,SCLA17119SBS-17-2,LA99017 / LA09015SBS-U1,seed available,0.56708157
1,272,TX17OCS8075,450,TX17OCS8075,LA05006GSBS-65-S1/TX10CAS279,seed available,0.570365557
1,273,FLLA17071-4,267,FLLA17071-4,LA10001SSBS-20 / LA99017,seed available,0.57285788
1,274,LA06063SBSBSB-13,67,LA06063SBSBSB-13,UFRGS 028152-1/LA02079-S-B-69-S2,seed available,0.574187458
1,275,FLLA17069-73,382,FLLA17069-73,LA09015SBS-U4 / LA99016,seed available,0.574516356
1,276,FL13088-4,242,FL13088-4,BW 08- 31/LA06046SS-N2-Ab2 (P973A38-3-6 = ROBUST/LA90105-C4-1-1-1-2-1),seed available,0.574897049
1,277,NC12-3753,138,NC12-3753,NC02-7989 / SC961246 // Gerard 224,seed available,0.575356529
1,278,TX19CAS0047,354,TX19CAS0047,LA08085BS-T4//LA06071SBSB-S10/TAMO606,seed available,0.583246551
1,279,FLLA17069-54,336,FLLA17069-54,LA09015SBS-U4 / LA99016,seed available,0.587053591
1,280,LA17008SBSS-59-1,320,LA17008SBSS-59-1,"BW 08-5 / LA16160,F1 (SD110304 / TX14OCS5212)",seed available,0.590687184
1,281,LA15015SB-S50,443,LA15015SB-S50,BW08-5/HZN306(LA05006),seed available,0.59142123
1,282,FLLA17071-7,339,FLLA17071-7,LA10001SSBS-20 / LA99017,seed available,0.59412481
1,283,TX07CS1965,201,TX07CS1965,FL9708-P71=(Coker 92Ab719/Horizon 314)//TAMO 405,seed available,0.5941761
1,284,LA17067SBSS-26-1,427,LA17067SBSS-26-1,LA09015SBS-U4 / LA10001SSBS-20,seed available,0.594266523
1,285,FLLA16028-42,287,FLLA16028-42,FL0720-R6 / LA08016SBSBS-44-S1,seed available,0.59801734
1,286,FLLA17100-5,387,FLLA17100-5,"LA10044SSBS-1 / LA16095,F1 (LA09015SBS-U2 / TX14OCS5212)",seed available,0.598297919
1,287,TX02U 7605,198,TX02U 7605,TX92M1596(79Bord/Kenya SR/TAMO 386)/TX83Ab2923,seed available,0.599239233
1,288,LA07026SBS-FS1-Ab1,75,LA07026SBS-FS1-Ab1,LA02029SBSBS48/UFRGS 028153-2,seed available,0.601548718
1,289,"LA9339 (PLOT SPIKE, RAM OAT)",128,"LA9339 (PLOT SPIKE, RAM OAT)",Coker85-13/X470,seed available,0.603923278
1,290,FL0923-U4,20,FL0923-U4,MN 06133 (Sask01T-602-05-06/MN01117)/F1 FL0852 (FL0748 F1(Ave. 135.02/SD030888 (SD97039//SD96280/OT275)) /LA97006GSB-59-2-4-SBS1 (FL92OHR26763/TX93M2107)),seed available,0.605339041
1,291,TX20CAS1048,411,TX20CAS1048,TX14OCS5159/LA07070SBSBSBS-65-S1,seed available,0.605642191
1,292,LA17129SBSS-8-1,329,LA17129SBSS-8-1,"MN11211 (SA081654)2 / LA16022,F1 (CANTARA / BW 823)",seed available,0.607753792
1,293,LA07024SBSBSBS-7-S1,74,LA07024SBSBSBS-7-S1,"LA02029SBSBS48/LA06030,F1 (HZN 270/LA90105-C4-1-1-1-2-1)",seed available,0.608071224
1,294,TX14OCS5098,229,TX14OCS5098,TX02U7097/HORIZON 321,seed available,0.608116481
1,295,FLLA17109-68,388,FLLA17109-68,"LA99016 / LA16153,F1 (NC12-3578 / TX14OCS5208)",seed available,0.615014216
1,296,LA17018SBSS-35-1,425,LA17018SBSS-35-1,FL0720-R6 / LA10041SSBS-80,seed available,0.61956615
1,297,NC14-1498,150,NC14-1498,Gerard 224 / Caballo,seed available,0.620323684
1,298,FLLA17067-35,379,FLLA17067-35,"LA09015SBS-U4 / LA16170,F1 (TX14OCS5160 / HZN 306 )",seed available,0.622918953
1,299,LA09067SBS-U1,119,LA09067SBS-U1,MN06120/UFRGS 017147-2,seed available,0.624825363
1,300,FL11017-7,238,FL11017-7,FL0555-Ab3/FL1045 F1 (IL 02-8011/FL03117-L5(UFRGS B017108-2-5/Bw1000)),seed available,0.628229046
1,301,NC12-3742,137,NC12-3742,NC02-7989 / SC961246 // Gerard 224,seed available,0.628837531
1,302,TX20CAS1074,416,TX20CAS1074,TX14OCS5208/TX09CS031//TX15OCS6137,seed available,0.629639437
1,303,SCLA17074SBS-1-1,370,SCLA17074SBS-1-1,LA10001SSBS-20 / LA09015SBS-U1,seed available,0.637034646
1,304,SCLA17076SBS-32-1,368,SCLA17076SBS-32-1,"LA10001SSBS-20 / LA16147,F1 (MN2013BT1020-1-1 / LA07052SBSBSBS-1-S1)",seed available,0.640015672
1,305,LA08084SBSBS-15,99,LA08084SBSBS-15,UFRGS 028153-2/LA99016,seed available,0.642482838
1,306,LA08085BS-T4,102,LA08085BS-T4,UFRGS 046048-1 F6/FL0206FSB-34-S1-B-S1,seed available,0.644655686
1,307,FLLA17067-12,265,FLLA17067-12,"LA09015SBS-U4 / LA16170,F1 (TX14OCS5160 / HZN 306 )",seed available,0.644998424
1,308,FL13126-79,260,FL13126-79,"BW 837/LA06014SBSBSBSB-34 (LA02079-S-B-69-S2/LA05006,F1(LA9339/TAMO 405))",seed available,0.646203863
1,309,TX18OCS9100,452,TX18OCS9100,LA09013SBSBU6-AB1TX09CS1029,seed available,0.646493241
1,310,TX18OCS9104,453,TX18OCS9104,LA07023SBSBS-FS5-AB1/TX09CS1029,seed available,0.647616123
1,311,LA07048SBSB-39,81,LA07048SBSB-39,LA98002SBS-64  /  LA99017,seed available,0.647810109
1,312,FLLA17158-4,278,FLLA17158-4,FL0720-R6 / LA10041SSBS-80,seed available,0.65072624
1,313,TX20CAS1080,419,TX20CAS1080,TX14OCS5208/TX09CS031//TX15OCS6137,seed available,0.658794228
1,314,LA08056SBSBS-56-S1,96,LA08056SBSBS-56-S1,LA97006GSB-59-2-4-SBS1/TX02U7682,seed available,0.659899426
1,315,NC14-1792,171,NC14-1792,Norline / SS76-40,seed available,0.663600517
1,316,TX14OCS5039,219,TX14OCS5039,TAMO406//TX02D034,seed available,0.663697603
1,317,FLLA17078-54,270,FLLA17078-54,"LA10041SSBS-80 / LA16153,F1 (NC12-3578 / TX14OCS5208)",no seed for NY 2025,0.664447327
1,318,LA03066SBS-L1,50,LA03066SBS-L1,UFRGS 952521/LA966BIB32-1-1-B,seed available,0.664757844
1,319,TX07CS2652,203,TX07CS2652,Harrison//TAMO 406,seed available,0.665181449
1,320,SCLA17048SBS-16-2,371,SCLA17048SBS-16-2,LA08084SBSBS-15 / LA10044SSBS-1,seed available,0.665903759
1,321,NC14-1985,181,NC14-1985,SS76-40 / NC05-5455,seed available,0.667871811
1,322,NC13-6589,146,NC13-6589,NC01-3981/WN10B//NC01-3981,seed available,0.668144249
1,323,TX14OCS5004,209,TX14OCS5004,TAMO405//NF95418,seed available,0.671858124
1,324,FL13088-3,241,FL13088-3,BW 08- 31/LA06046SS-N2-Ab2 (P973A38-3-6 = ROBUST/LA90105-C4-1-1-1-2-1),seed available,0.672442224
1,325,LA06059SBSBSBSB-4-S1,65,LA06059SBSBSBSB-4-S1,TAMO 405/LA99016,seed available,0.675423856
1,326,Caballo,4,Caballo,RODGERS SIB // ARFOB30/C84-27,seed available,0.679292786
1,327,NC14-1533,153,NC14-1533,NC02-8247 / SS76-40,seed available,0.683726154
1,328,NC14-1609,160,NC14-1609,NC03-2567 / SS76-40,seed available,0.686898557
1,329,TX14OCS5116,231,TX14OCS5116,FL99212-D6//TX02U7443,seed available,0.687864767
1,330,FLLA16056-25,403,FLLA16056-25,"LA06059SBSBSB-46 / LA15120,F1,(TX09CS049 / LA07065SBSBSB-32)",seed available,0.689731304
1,331,FL04155-S06-31-B-S1,15,FL04155-S06-31-B-S1,FL03139 F1 (TROPHY/MN00226)/FL03224 F1 (UPF94174-1/FL9605-A6-B4),seed available,0.691178892
1,332,FL13112-14,250,FL13112-14,FL0704-R1 (FL99084-J4/UFRGS 057070-1)/Carrolup,seed available,0.696396159
1,333,LA06063SBSB-S1,66,LA06063SBSB-S1,UFRGS 028152-1/LA02079-S-B-69-S2,seed available,0.697053491
1,334,LA07005SBSBSB-12,68,LA07005SBSBSB-12,FL0121FSBSBSB-S3  /  LA99016,seed available,0.698272174
1,335,FLLA17071-19,338,FLLA17071-19,LA10001SSBS-20 / LA99017,seed available,0.699915074
1,336,NC14-1774,169,NC14-1774,Rodgers / NC03-3400,seed available,0.702297483
1,337,TX20CAS1014,300,TX20CAS1014,TX07CS1948/TX15OCS6039,no seed for NY 2025,0.705210465
1,338,LA03046SBS7-B-S1,48,LA03046SBS7-B-S1,LA9339/TAMO405,seed available,0.707515958
1,339,TX14OCS5012,212,TX14OCS5012,TX08Cas 1840//NF27,seed available,0.707889394
1,340,TX14OCS5037,218,TX14OCS5037,TX02D034//TX02U7682,seed available,0.709445978
1,341,LA04004SBSB-61-B-S1,52,LA04004SBSB-61-B-S1,LA97006GBS-30-1-C/LA90113-1-B3-AFL2-1-19-3-1,seed available,0.709643732
1,342,NC14-1573,156,NC14-1573,BYDV121 / NC03-8331,seed available,0.714057703
1,343,TX20CAS1013,299,TX20CAS1013,TX07CS1948/TX15OCS6039,no seed for NY 2025,0.715157613
1,344,SS76-50,188,SS76-50,NC93-2978/RODGERS//RODGERS/FL874,seed available,0.721644608
1,345,NC14-1818,173,NC14-1818,SS76-40 / NC02-8057,seed available,0.732072041
1,346,LA17130SBSS-27-1,435,LA17130SBSS-27-1,"MN11211 (SA081654)2 / LA16022,F1 (CANTARA / BW 823)",seed available,0.73577684
1,347,FLLA17051-20,377,FLLA17051-20,"LA09015SBS-U1 / LA16067,F1 (LA07059SBSBSB-44 / NC12-3578)",seed available,0.739665314
1,348,FLLA17047-55,283,FLLA17047-55,"LA09015SBS-U1 / LA16067,F1 (LA07059SBSBSB-44 / NC12-3578)",seed available,0.73996709
1,349,LA06058SBS-32-S1,61,LA06058SBS-32-S1,LA9339/TAMO 405,seed available,0.744131044
1,350,NC10-5069y,133,NC10-5069y,SC961246 / Rodgers,seed available,0.744972202
1,351,BROOKS,3,BROOKS,Carolee/Fulgrain/6/Fulgrain/5/CI 5106//Hajira/Joanette/4/ Atlantic/Clinton/Santa Fe/3/CI 2455,seed available,0.747146511
1,352,NC20-4526,446,NC20-4526,Horizon578/Gerard227,seed available,0.747183819
1,353,FLLA17018-17,395,FLLA17018-17,"FL0720-R6 / LA16048,F1 (HZN 306  / TX14OCS5212)",seed available,0.749847953
1,354,Florida 500,33,Florida 500,Florad (Floriland Irradiated/unknown)/unnamed_6485 (unnamed_6484/unnamed_6483),seed available,0.752544211
1,355,LA17075SBSS-24-1,322,LA17075SBSS-24-1,LA10001SSBS-20 / LA10041SSBS-80,seed available,0.75412349
1,356,Corondo,9,Corondo,NA,seed available,0.757384302
1,357,LA17008SBSS-9-1,422,LA17008SBSS-9-1,"BW 08-5 / LA16160,F1 (SD110304 / TX14OCS5212)",seed available,0.757935867
1,358,FLLA16102-78,296,FLLA16102-78,LA10008SSBS-21 / NC09-4274N,seed available,0.758228031
1,359,TX14OCS5078,227,TX14OCS5078,TX02U7047//TX02U7682,seed available,0.758980077
1,360,NC14-1751,167,NC14-1751,Gerard 224 / NC03-5579N,seed available,0.760643476
1,361,TX20CAS1025,303,TX20CAS1025,FLO522/TX07CS2783//TAMO405/LA9339(PS)///LA05011GSBS-30/TX02D079,no seed for NY 2025,0.764672117
1,362,LA04018SBSB-181,55,LA04018SBSB-181,TX96M1385/LA604//833,seed available,0.77337358
1,363,LA06009SBSBSB-24-S,59,LA06009SBSBSB-24-S,LA02030-S-B-5-S2/LA99016,seed available,0.794383337
1,364,FLLA17109-56,273,FLLA17109-56,"LA99016 / LA16153,F1 (NC12-3578 / TX14OCS5208)",seed available,0.796568461
1,365,LA04014SBSB-39,54,LA04014SBSB-39,LA97006GBS-30-1-C/LA90113-1-B3-AFL2-1-19-3-1,seed available,0.797432235
1,366,FL1013-1,24,FL1013-1,SD60130(SPURS/W00276)/UFRGS 087212-1,seed available,0.801077815
1,367,TX14OCS5011,211,TX14OCS5011,TX08Cas 1840//NF27,seed available,0.801215137
1,368,FL13123-41,252,FL13123-41,FL06082-N6-Ab1 (TAMO 406/FL99175-H5 (TX93AB693/Plot Spike LA9339))/Bw 13,seed available,0.80162057
1,369,LA07033SBSB-2,76,LA07033SBSB-2,LA02076SBSBSB-S2  /  LA98002---84-2-S1-B-S1,seed available,0.80267912
1,370,LA08024SBSBS-48-S1,93,LA08024SBSBS-48-S1,FL0115-J2/LA97006GSB-59-2-4,seed available,0.804370541
1,371,LA09065SBS-U1,117,LA09065SBS-U1,MN06120/LA90105-C4-1-1-1-2-1,seed available,0.80552114
1,372,TX02U 7473,196,TX02U 7473,TX94Ab343/TAMO386ERB,seed available,0.811137311
1,373,LA17069SBSS-2-1,321,LA17069SBSS-2-1,"LA09015SBS-U4 / LA16170,F1 (TX14OCS5160 / HZN 306 )",seed available,0.812334916
1,374,TX20CAS1077,310,TX20CAS1077,TX14OCS5208/TX09CS031//TX15OCS6137,no seed for NY 2025,0.81610923
1,375,NC14-1787,170,NC14-1787,Wintok / Caballo,seed available,0.818060706
1,376,TX20CAS1035,406,TX20CAS1035,TX14OCS5086/LA14036S,seed available,0.818432521
1,377,LA08021SBSBS-15-S1,90,LA08021SBSBS-15-S1,FL01016-H4/LA99016,seed available,0.818698818
1,378,FLLA17017-69,279,FLLA17017-69,"FL0720-R6 / LA16048,F1 (HZN 306  / TX14OCS5212)",no seed for NY 2025,0.821185441
1,379,TX19CAS0041,353,TX19CAS0041,LA08085BS-T4//LA06071SBSB-S10/TAMO606,seed available,0.827644499
1,380,BIG MAC,1,BIG MAC,Coker 68-16/Coker 69-26//Coker 68-23/Coker 68-26 4/Sg/ PI 287211,seed available,0.828966684
1,381,LA08021SBSBS-7-S1,91,LA08021SBSBS-7-S1,FL01016-H4/LA99016,seed available,0.830362728
1,382,LA09078SBS-U7,121,LA09078SBS-U7,UFRGS 046054-2/MN06120,seed available,0.834783154
1,383,FL1045-1,27,FL1045-1,IL 02-8011/FL03117-L5(UFRGS B017108-2-5/Bw1000),seed available,0.834999502
1,384,FLLA17100-4,272,FLLA17100-4,"LA10044SSBS-1 / LA16095,F1 (LA09015SBS-U2 / TX14OCS5212)",seed available,0.839683337
1,385,FL13125-17,257,FL13125-17,BW 08-1/LA07004SBSBSBS-5 (FL0121FSBSBSB-S3/LA02079-S-B-69-S2),seed available,0.841039253
1,386,TX19CAS0057,357,TX19CAS0057,TX14OCS5003/LA07023SBS-FS5-Ab1,seed available,0.844003757
1,387,NC14-1977,180,NC14-1977,Gerard 229 / Rodgers,seed available,0.847032345
1,388,LA17089SBS-33-2,316,LA17089SBS-33-2,LA10041SSBS-80 / LA99017,no seed for NY 2025,0.848232104
1,389,FLLA17149-3,389,FLLA17149-3,NC12-3447 / LA09015SBS-U1,seed available,0.851869676
1,390,LA17153SBSS-6-1,436,LA17153SBSS-6-1,NC12-3447 / LA09015SBS-U4,seed available,0.85446233
1,391,LA06046-N2-Ab3,60,LA06046-N2-Ab3,P973A38-3-6/LA90105-C4-1-1-1-2-1,seed available,0.854957215
1,392,TX14OCS5050,221,TX14OCS5050,TAMO406//TX00D110,seed available,0.857203979
1,393,LA09013SBS-U6,110,LA09013SBS-U6,SD60130(IL95-1241/W00276)/UFRGS 087212-1,seed available,0.859485357
1,394,LA08085BS-T2,101,LA08085BS-T2,UFRGS 046048-1 F6/FL0206FSB-34-S1-B-S1,seed available,0.864119559
1,395,TX20CAS1082,311,TX20CAS1082,TX14OCS5208/TX07CS1228//LA09066SBS-U3,seed available,0.864677429
1,396,LA09078SBS-U5,120,LA09078SBS-U5,UFRGS 046054-2/MN06120,seed available,0.866546233
1,397,LA09092SBS-U2,124,LA09092SBS-U2,"UFRGS087157-3/LA08011,F1(BW1803 / MN04241)",seed available,0.866636655
1,398,LA08083SBSBS-5,98,LA08083SBSBS-5,UFRGS 028152-1/LA97006GSB-59-2-4-SBS1,seed available,0.872219282
1,399,LA17009SBSS-53-1,423,LA17009SBSS-53-1,BW 08-5 / MN11211 (SA081654)2,seed available,0.875237712
1,400,NC19-3542,444,NC19-3542,NC12-3868/NC11-1651,seed available,0.875509248
1,401,FLLA17035-50,282,FLLA17035-50,LA08084SBSBS-15 / LA10041SSBS-80,seed available,0.87706887
1,402,LA17031SBS-58-1,313,LA17031SBS-58-1,"HZN 306  / LA16049,F1 (HZN 306  / UFRGS 087045-3)",seed available,0.879369522
1,403,LA16118SSBSS-6-1,420,LA16118SSBSS-6-1,"LA15041,F1,(HZN 306 (LA05006) / FL0720-R6) / TX14OCS5212",seed available,0.883087754
1,404,Gerard 229,38,Gerard 229,NC93-2978/FL874S1G3//ARFOB3D,seed available,0.885094803
1,405,Winter Fulghum,234,Winter Fulghum,sel. From Fulghum (C.I. 699) (Richland/Richland)/sel. From Fulghum (C.I. 699) (Richland/Richland),seed available,0.886076516
1,406,TX07CS2765,204,TX07CS2765,Horizon 321//TAMO 406,seed available,0.88877466
1,407,LA17153SBSS-46-1,331,LA17153SBSS-46-1,NC12-3447 / LA09015SBS-U4,seed available,0.889573769
1,408,FLLA17111-1,274,FLLA17111-1,LA99017 / LA09015SBS-U1,no seed for NY 2025,0.890005186
1,409,LA17076SBS-32-1,314,LA17076SBS-32-1,NA,seed available,0.890115662
1,410,TX20CAS1046,409,TX20CAS1046,TX14OCS5159/LA07070SBSBSBS-65-S1,seed available,0.890848243
1,411,NC11-1798y,134,NC11-1798y,NC01-3981 / SS76-40,seed available,0.891948367
1,412,TX20CAS1039,306,TX20CAS1039,TX14OCS5086/LA14036S,seed available,0.895482925
1,413,FLLA17069-65,335,FLLA17069-65,LA09015SBS-U4 / LA99016,seed available,0.899752825
1,414,FLLA17158-18,392,FLLA17158-18,FL0720-R6 / LA10041SSBS-80,seed available,0.902862974
1,415,FLLA16180-50,291,FLLA16180-50,TX1948 / LA06059SBSBSB-46,no seed for NY 2025,0.905776923
1,416,FLLA17149-1,276,FLLA17149-1,NC12-3447 / LA09015SBS-U1,seed available,0.905997339
1,417,TX19CAS0020,351,TX19CAS0020,TX07CSC1948/LA07005SBSBSB12,seed available,0.907285741
1,418,FLLA16056-12,402,FLLA16056-12,"LA06059SBSBSB-46 / LA15120,F1,(TX09CS049 / LA07065SBSBSB-32)",seed available,0.909172654
1,419,FL0914-U2,18,FL0914-U2,LA04008SBSB-74-B-S1 (TROPHY/TAMO405)/F1 FL0874 (WIX8347-2(Gem/ND900117)/FL0744 F1(LA01005BSBSBS-46/Bw 103)),seed available,0.909813962
1,420,NC14-1767,168,NC14-1767,Gerard 224 / NC03-5579N,seed available,0.910080343
1,421,TX20CAS1075,309,TX20CAS1075,TX14OCS5208/TX09CS031//TX15OCS6137,no seed for NY 2025,0.911844775
1,422,TX20CAS1044,408,TX20CAS1044,TX14OCS5159/LA07070SBSBSBS-65-S1,seed available,0.91453843
1,423,FL0772-R3,17,FL0772-R3,P0216A1-1/FL0023-E10-H1-J5,seed available,0.918645008
1,424,LA09082SBS-U11,122,LA09082SBS-U11,UFRGS046103-2/ND 020971,seed available,0.919855467
1,425,NC12-3447,135,NC12-3447,NC02-8005 / AR02133  // Gerard 224,seed available,0.920574751
1,426,TX07CS2140,202,TX07CS2140,NC97-8972N=(Bulk Sel)//TAMO 405,seed available,0.920850541
1,427,FLLA17069-57,440,FLLA17069-57,LA09015SBS-U4/LA99016,seed available,0.922496489
1,428,FL13109-38,248,FL13109-38,FL0772-R3 (LA02018SBSBS5-B-S1/UFRGS 057029-4)/Carrolup,seed available,0.92265768
1,429,FLLA17071-51,285,FLLA17071-51,LA10001SSBS-20 / LA09015SBS-U1,seed available,0.927022768
1,430,FL13126-69,259,FL13126-69,"BW 837/LA06014SBSBSBSB-34 (LA02079-S-B-69-S2/LA05006,F1(LA9339/TAMO 405))",no seed for NY 2025,0.928312602
1,431,NC14-1643,162,NC14-1643,Caballo / NC05-5579N,seed available,0.929223978
1,432,LA07052SBSBSBS-1-S1,84,LA07052SBSBSBS-1-S1,LA99017SBSB-46  /  SD020707,seed available,0.932762999
1,433,TX10CAS085,208,TX10CAS085,TX05F4-585(Sect.495/TAMO406)//TX02U7605,seed available,0.93456923
1,434,FLLA17158-30,393,FLLA17158-30,FL0720-R6 / LA10041SSBS-80,seed available,0.942053215
1,435,FLLA17088-77,342,FLLA17088-77,LA10044SSBS-1 / LA10001SSBS-20,seed available,0.946567313
1,436,SCLA17119SBS-4-2,369,SCLA17119SBS-4-2,LA99017 / LA09015SBS-U1,seed available,0.946829905
1,437,LA08085SS-T3,105,LA08085SS-T3,UFRGS 046048-1/FL0206FSB-34-S1-B-S1,seed available,0.951781115
1,438,Osage,183,Osage,Fulton (Fulghum/Markton)/Sel.5562 (Vicotria - Argentian/Richland),seed available,0.955934018
1,439,FLLA17032-5,281,FLLA17032-5,HZN 306  / NC09-4274N,no seed for NY 2025,0.956055023
1,440,NC13-6579,144,NC13-6579,NC01-3981/WN10B//NC01-3981,seed available,0.963398285
1,441,LA08085SBSBSB-48,104,LA08085SBSBSB-48,UFRGS 046048-1 F6/FL0206FSB-34-S1-B-S1,seed available,0.967848236
1,442,LA17089SBS-25-2,315,LA17089SBS-25-2,LA10041SSBS-80 / LA99017,no seed for NY 2025,0.969020748
1,443,FL0720-R6,16,FL0720-R6,FL0206FSB-34-S1//FL0016-H1/IL 3555,seed available,0.970858562
1,444,LA09092SBS-U1,123,LA09092SBS-U1,"UFRGS087157-3/LA08011,F1(BW1803 / MN04241)",seed available,0.972640533
1,445,LA03040SBSBSB-83,47,LA03040SBSBSB-83,LA9339/HORIZON321,seed available,0.974141633
1,446,LA07046SBSBSBS-2-S1,78,LA07046SBSBSBS-2-S1,"LA98002---84-2-S1-B-S1  /  LA06072,F1 (UFRGS046048-1/TX02U7605)",seed available,0.977584798
1,447,LA13003SBSBS33-1-1,442,LA13003SBSBS33-1-1,BW832/HZN306,seed available,0.984731366
1,448,SCLA17080SBS-4-2,363,SCLA17080SBS-4-2,LA10001SSBS-20 / MN2013BT1021-1-2,seed available,0.984936102
1,449,FL1035-2,26,FL1035-2,UPF98H2000-4/FL03254-L1,seed available,0.986094479
1,450,TX20CAS1056,412,TX20CAS1056,TX15OCS6138/LA07005SBSBSBS-9-S1,seed available,0.98797392
1,451,FLLA17069-41,266,FLLA17069-41,LA09015SBS-U4 / LA99016,no seed for NY 2025,0.990193314
1,452,TX20CAS1021,301,TX20CAS1021,FLO522/TX07CS2783//TAMO405/LA9339(PS)///LA05011GSBS-30/TX02D079,no seed for NY 2025,0.993511282
1,453,FLLA17029-75,375,FLLA17029-75,"HZN 306  / LA16044,F1 (HZN 306  / FL0720-R6)",seed available,0.995438655
1,454,LA17126SBSS-48-1,434,LA17126SBSS-48-1,MN11211 (SA081654)2 / LA10041SSBS-80,seed available,0.998591411
1,455,FLLA17081-23,340,FLLA17081-23,"LA10041SSBS-80 / LA16165,F1 (TX09CS065 / BW 08-5)",seed available,0.99924369
2,456,TX14OCS5018,215,TX14OCS5018,NF27//TX07CS1805,seed available,0.000750751
2,457,NC14-1584,158,NC14-1584,NC01-3497 / BYDV 121,seed available,0.001834648
2,458,TX07CS2765,204,TX07CS2765,Horizon 321//TAMO 406,seed available,0.005292265
2,459,BOB,2,BOB,Nora/Florida 501,seed available,0.00627544
2,460,FLLA17152-47,277,FLLA17152-47,"NC12-3447 / LA16016,F1 (BW 08-5 / MN11140)",seed available,0.009280027
2,461,FLLA17069-52,337,FLLA17069-52,LA09015SBS-U4 / LA99016,seed available,0.009509724
2,462,FLLA17149-30,344,FLLA17149-30,NC12-3447 / LA09015SBS-U1,seed available,0.009549956
2,463,TX09CS058,205,TX09CS058,TX92M1505/TX83Ab2923//TX93Ab693=H833Sel,seed available,0.011456013
2,464,TX14OCS5004,209,TX14OCS5004,TAMO405//NF95418,seed available,0.011562207
2,465,NC13-6589,146,NC13-6589,NC01-3981/WN10B//NC01-3981,seed available,0.014640284
2,466,BROOKS,3,BROOKS,Carolee/Fulgrain/6/Fulgrain/5/CI 5106//Hajira/Joanette/4/ Atlantic/Clinton/Santa Fe/3/CI 2455,seed available,0.017709316
2,467,FLLA17100-5,387,FLLA17100-5,"LA10044SSBS-1 / LA16095,F1 (LA09015SBS-U2 / TX14OCS5212)",seed available,0.018149539
2,468,LA08024SBSBS-29-S1,92,LA08024SBSBS-29-S1,FL0115-J2/LA97006GSB-59-2-4,seed available,0.021081695
2,469,Ozark,184,Ozark,Florida 167 (Bond/Fulghum)/6-81-3 (unknown/unknown),seed available,0.021488264
2,470,NC10-5069y,133,NC10-5069y,SC961246 / Rodgers,seed available,0.029315439
2,471,LA07007SBSBSB-24,71,LA07007SBSBSB-24,"FL0206FSB-34-S2/LA06070,F1 (UFRGS046048-1/HZN 270)",seed available,0.032557395
2,472,LA07017SBSB-30,72,LA07017SBSB-30,LA02018SBSBS5-B-S1(LA9533D36-6/TX98D666)  /  LA9339,seed available,0.033617954
2,473,TX19CAS0073,361,TX19CAS0073,LA08085BS-T4/TX02D079,seed available,0.034430289
2,474,NC14-1965,178,NC14-1965,SS76-40 / NC01-3497,seed available,0.035530049
2,475,Coker 716,8,Coker 716,Coker 62-30 (unknown/unknown)/Beltsville Selection 279 (unnamed_9419/Clintland),seed available,0.038242525
2,476,FL13123-54,254,FL13123-54,FL06082-N6-Ab1 (TAMO 406/FL99175-H5 (TX93AB693/Plot Spike LA9339))/Bw 13,no seed for NY 2025,0.038466875
2,477,FLLA16102-75,294,FLLA16102-75,LA10008SSBS-21 / NC09-4274N,seed available,0.039816492
2,478,Gerard 224,37,Gerard 224,Rodgers/Txab29923//Rodgers,seed available,0.054031764
2,479,TX14OCS5116,231,TX14OCS5116,FL99212-D6//TX02U7443,seed available,0.055014531
2,480,FLLA17067-35,379,FLLA17067-35,"LA09015SBS-U4 / LA16170,F1 (TX14OCS5160 / HZN 306 )",seed available,0.055338792
2,481,SCLA17119SBS-4-2,369,SCLA17119SBS-4-2,LA99017 / LA09015SBS-U1,seed available,0.057986941
2,482,FLORIDA 501,34,FLORIDA 501,Florad/5/Fulgrain Strain 3/Suregrain/4/Victorgrain*2//Bond/ Fulghum/3/Suregrain,seed available,0.060360821
2,483,LA07048SBSB-19,79,LA07048SBSB-19,LA98002SBS-64  /  LA99017,seed available,0.060899779
2,484,TX20CAS1056,412,TX20CAS1056,TX15OCS6138/LA07005SBSBSBS-9-S1,seed available,0.062531178
2,485,FLLA17031-57,397,FLLA17031-57,"HZN 306  / LA16188,F1 (UFRGS 087045-3 / MN11140)",seed available,0.0663748
2,486,TX18OCS9135,455,TX18OCS9135,FL0703-R5-AB1//FL03254-L1/TX09CS1029,seed available,0.067681711
2,487,LA08085SBSBSB-48,104,LA08085SBSBSB-48,UFRGS 046048-1 F6/FL0206FSB-34-S1-B-S1,seed available,0.073222406
2,488,SCLA17152SBS-1-1,364,SCLA17152SBS-1-1,NC12-3447 / LA09015SBS-U1,seed available,0.080995267
2,489,LA17076SBS-32-1,314,LA17076SBS-32-1,NA,seed available,0.081620367
2,490,LA09026SBS-U3,113,LA09026SBS-U3,HZN LA976/MN06120,seed available,0.083373195
2,491,LA09045SBS-U3,116,LA09045SBS-U3,LA03046SBS7-B-S1/MN06120,seed available,0.088876039
2,492,TX14OCS5112,230,TX14OCS5112,TX02U7227//TX08CS2235,seed available,0.089625759
2,493,TX07CS1965,201,TX07CS1965,FL9708-P71=(Coker 92Ab719/Horizon 314)//TAMO 405,seed available,0.091197959
2,494,TROPHY,193,TROPHY,LA90120C2-3-AB1/TX96M1558,seed available,0.094144884
2,495,LA09103SBS-U5,126,LA09103SBS-U5,LA97006GSB-59-2-4/UFRGS08708-4,seed available,0.094321412
2,496,LA17089SBS-33-2,316,LA17089SBS-33-2,LA10041SSBS-80 / LA99017,no seed for NY 2025,0.096161193
2,497,NC14-1695,165,NC14-1695,Gerard 229 / NC05-5456,seed available,0.105912916
2,498,TX19CAS0067,360,TX19CAS0067,TX14OCS5003/LA09074SBS-U4,seed available,0.110328265
2,499,FL13123-60,255,FL13123-60,FL06082-N6-Ab1 (TAMO 406/FL99175-H5 (TX93AB693/Plot Spike LA9339))/Bw 13,seed available,0.110427971
2,500,LA07065SBS-FS2-Ab1,87,LA07065SBS-FS2-Ab1,TAMO 405/UFRGS 028152-1,seed available,0.113203872
2,501,FLLA17069-65,335,FLLA17069-65,LA09015SBS-U4 / LA99016,seed available,0.113855527
2,502,TAMO 405,189,TAMO 405,unknown (single vol. plant sel.),seed available,0.115577023
2,503,NC14-1792,171,NC14-1792,Norline / SS76-40,seed available,0.116052512
2,504,FL1035-2,26,FL1035-2,UPF98H2000-4/FL03254-L1,seed available,0.116632843
2,505,FLLA17025-4,261,FLLA17025-4,HZN 306  / LA10041SSBS-80,no seed for NY 2025,0.117202955
2,506,LA07023SBS-FS5-Ab1,73,LA07023SBS-FS5-Ab1,"LA02029SBSBS48/LA06022,F1 (LA9339/UFRGS 028152-1)",seed available,0.118872687
2,507,LA99017 (BUCK),131,LA99017 (BUCK),TX96M1385/LA604,seed available,0.119741219
2,508,LA08085BS-T2,101,LA08085BS-T2,UFRGS 046048-1 F6/FL0206FSB-34-S1-B-S1,seed available,0.12540512
2,509,FLLA17149-1,276,FLLA17149-1,NC12-3447 / LA09015SBS-U1,seed available,0.125606351
2,510,Cantara,5,Cantara,FL03053-S06-15-B-S1 (LA989IBI-51-B-I1-I2/UFRGS01B6189-6-3),seed available,0.126931025
2,511,FLLA17111-1,274,FLLA17111-1,LA99017 / LA09015SBS-U1,no seed for NY 2025,0.131913526
2,512,LA17153SBSS-55-1,332,LA17153SBSS-55-1,NC12-3447 / LA09015SBS-U4,seed available,0.133424238
2,513,FLLA17071-51,285,FLLA17071-51,LA10001SSBS-20 / LA09015SBS-U1,seed available,0.135229021
2,514,TX20CAS1006,404,TX20CAS1006,TX07CS1948/TX15OCS6039,seed available,0.142095178
2,515,FLLA17069-57,440,FLLA17069-57,LA09015SBS-U4/LA99016,seed available,0.143595566
2,516,FLLA17152-42,345,FLLA17152-42,"NC12-3447 / LA16016,F1 (BW 08-5 / MN11140)",seed available,0.151222336
2,517,LA17075SBS-36-2-1,430,LA17075SBS-36-2-1,LA10001SSBS-20 / LA10041SSBS-80,seed available,0.152096804
2,518,NC14-1989,182,NC14-1989,SS76-40 / NC05-5455,seed available,0.152551201
2,519,TX20CAS1021,301,TX20CAS1021,FLO522/TX07CS2783//TAMO405/LA9339(PS)///LA05011GSBS-30/TX02D079,no seed for NY 2025,0.159981329
2,520,LA17008SBSS-24-1,319,LA17008SBSS-24-1,"BW 08-5 / LA16160,F1 (SD110304 / TX14OCS5212)",seed available,0.165327171
2,521,TX20CAS1024,302,TX20CAS1024,FLO522/TX07CS2783//TAMO405/LA9339(PS)///LA05011GSBS-30/TX02D079,no seed for NY 2025,0.173161766
2,522,FLLA16056-25,403,FLLA16056-25,"LA06059SBSBSB-46 / LA15120,F1,(TX09CS049 / LA07065SBSBSB-32)",seed available,0.176016087
2,523,Corondo,9,Corondo,NA,seed available,0.177538767
2,524,NC13-6584,145,NC13-6584,NC01-3981/WN10B//NC01-3981,seed available,0.182107318
2,525,FLLA17158-11,391,FLLA17158-11,FL0720-R6 / LA10041SSBS-80,seed available,0.183353977
2,526,FL13123-73,256,FL13123-73,FL06082-N6-Ab1 (TAMO 406/FL99175-H5 (TX93AB693/Plot Spike LA9339))/Bw 13,no seed for NY 2025,0.184049804
2,527,SCLA17048SBS-16-2,371,SCLA17048SBS-16-2,LA08084SBSBS-15 / LA10044SSBS-1,seed available,0.184062401
2,528,TX20CAS1080,419,TX20CAS1080,TX14OCS5208/TX09CS031//TX15OCS6137,seed available,0.185318514
2,529,TX14OCS5014,213,TX14OCS5014,TX08Cas 1840//NF27,seed available,0.186207447
2,530,LA08051SBSB-32,95,LA08051SBSB-32,LA9339/UFRGS 055093-1,seed available,0.187666208
2,531,TX20CAS1074,416,TX20CAS1074,TX14OCS5208/TX09CS031//TX15OCS6137,seed available,0.187908817
2,532,LA17153SBSS-6-1,436,LA17153SBSS-6-1,NC12-3447 / LA09015SBS-U4,seed available,0.189810301
2,533,LA03066SBS-L1,50,LA03066SBS-L1,UFRGS 952521/LA966BIB32-1-1-B,seed available,0.195444472
2,534,SCLA17151SBS-40-1,372,SCLA17151SBS-40-1,NC12-3447 / FL0720-R6,seed available,0.196748852
2,535,TX19CAS0058,358,TX19CAS0058,TX14OCS5003/LA07023SBS-FS5-Ab1,seed available,0.19946255
2,536,LA17075SBSS-29-1,323,LA17075SBSS-29-1,LA10001SSBS-20 / LA10041SSBS-80,seed available,0.20336261
2,537,TX20CAS1048,411,TX20CAS1048,TX14OCS5159/LA07070SBSBSBS-65-S1,seed available,0.20435571
2,538,NC14-1774,169,NC14-1774,Rodgers / NC03-3400,seed available,0.208474787
2,539,LA04004SBSB-61-B-S1,52,LA04004SBSB-61-B-S1,LA97006GBS-30-1-C/LA90113-1-B3-AFL2-1-19-3-1,seed available,0.209122314
2,540,TX20CAS1071,308,TX20CAS1071,TAMO411/TX14OCS5189//TX15OCS6040,no seed for NY 2025,0.213441381
2,541,FLLA17031-71,398,FLLA17031-71,"HZN 306  / LA16188,F1 (UFRGS 087045-3 / MN11140)",seed available,0.218874431
2,542,NC12-3872,140,NC12-3872,SS76-50 / NC02-8037,seed available,0.220211216
2,543,Caballo,4,Caballo,RODGERS SIB // ARFOB30/C84-27,seed available,0.223152641
2,544,NC14-1501,151,NC14-1501,Gerard 224 / Caballo,seed available,0.223612447
2,545,FLLA17071-4,267,FLLA17071-4,LA10001SSBS-20 / LA99017,seed available,0.223932065
2,546,FL11017-7,238,FL11017-7,FL0555-Ab3/FL1045 F1 (IL 02-8011/FL03117-L5(UFRGS B017108-2-5/Bw1000)),seed available,0.240308418
2,547,FL1013-2,25,FL1013-2,SD60130(IL95-1241/W00276)/UFRGS 087212-1,seed available,0.240756648
2,548,FLLA09015-U4,245,FLLA09015-U4,FL0210-J1/MN06023,seed available,0.241277124
2,549,FLLA17069-73,382,FLLA17069-73,LA09015SBS-U4 / LA99016,seed available,0.242154455
2,550,Simpson,187,Simpson,"Ballard (Pentagon (Stanton, 1955/Pentagon (Stanton, 1955)/S172 4Cn3/1/3/58/602Cn)",seed available,0.242279328
2,551,FL11044-1,29,FL11044-1,Horizon 201/UFRGS 087045-3,seed available,0.242652904
2,552,FLLA17158-18,392,FLLA17158-18,FL0720-R6 / LA10041SSBS-80,seed available,0.247403761
2,553,LA99016,130,LA99016,TX96M1385/SECTLA495,seed available,0.248675031
2,554,TX14OCS5036,217,TX14OCS5036,TX08Cas1809//TAMO406,seed available,0.251791156
2,555,"LA9339 (PLOT SPIKE, RAM OAT)",128,"LA9339 (PLOT SPIKE, RAM OAT)",Coker85-13/X470,seed available,0.252742026
2,556,TX14OCS5054,222,TX14OCS5054,TX02U7029//TX00D110,seed available,0.254230575
2,557,NC14-1751,167,NC14-1751,Gerard 224 / NC03-5579N,seed available,0.254916466
2,558,NC12-3922,141,NC12-3922,Rodgers / NC03-2421,seed available,0.255227568
2,559,LA17069SBSS-2-1,321,LA17069SBSS-2-1,"LA09015SBS-U4 / LA16170,F1 (TX14OCS5160 / HZN 306 )",seed available,0.262505563
2,560,TX19CAS0057,357,TX19CAS0057,TX14OCS5003/LA07023SBS-FS5-Ab1,seed available,0.264443966
2,561,TX19CAS0091,362,TX19CAS0091,"FL0772-R2 / LA13036, F1(LA06067SBSBSB-13 / LA07048SBSB-39)//TX14OCS5134",seed available,0.265074672
2,562,LA08085BS-T1,100,LA08085BS-T1,UFRGS 046048-1 F6/FL0206FSB-34-S1-B-S1,seed available,0.266437033
2,563,LA08021SBSBS-7-S1,91,LA08021SBSBS-7-S1,FL01016-H4/LA99016,seed available,0.268038466
2,564,FLLA16179-3,400,FLLA16179-3,"TX14OCS5212 / LA15044,F1,(HZN 306 (LA05006) / LA08048SBSBS-15)",seed available,0.282431585
2,565,FL0923-U4,20,FL0923-U4,MN 06133 (Sask01T-602-05-06/MN01117)/F1 FL0852 (FL0748 F1(Ave. 135.02/SD030888 (SD97039//SD96280/OT275)) /LA97006GSB-59-2-4-SBS1 (FL92OHR26763/TX93M2107)),seed available,0.283017498
2,566,LA02035-I-J1,44,LA02035-I-J1,LA978GIB-172/HZN LA976,seed available,0.285022591
2,567,FL0923-U2,19,FL0923-U2,MN 06133 (Sask01T-602-05-06/MN01117)/F1 FL0852 (FL0748 F1(Ave. 135.02/SD030888 (SD97039//SD96280/OT275)) /LA97006GSB-59-2-4-SBS1 (FL92OHR26763/TX93M2107)),seed available,0.287054951
2,568,LA13003SBSBS33-1-1,442,LA13003SBSBS33-1-1,BW832/HZN306,seed available,0.289686032
2,569,LA06063SBSBSB-13,67,LA06063SBSBSB-13,UFRGS 028152-1/LA02079-S-B-69-S2,seed available,0.289706429
2,570,FL0115-J2,11,FL0115-J2,FL97AB15-A5-B6/TX97C1130,seed available,0.289801321
2,571,FLLA17029-75,375,FLLA17029-75,"HZN 306  / LA16044,F1 (HZN 306  / FL0720-R6)",seed available,0.292992943
2,572,NC20-4621,447,NC20-4621,NC12-3868/NC12-3753,seed available,0.29320473
2,573,FLLA13043-57,246,FLLA13043-57,LA07007SBSBSB-18 / LA08040SBSB-49,seed available,0.299278256
2,574,FLLA16166-79,290,FLLA16166-79,TX09CS065 / FL0720-R6,no seed for NY 2025,0.299446997
2,575,LA06059SBSBSB-97-S,64,LA06059SBSBSB-97-S,TAMO 405/LA99016,seed available,0.300338864
2,576,LA17089SBS-25-2-1,433,LA17089SBS-25-2-1,LA10041SSBS-80 / LA99017,seed available,0.303102529
2,577,SCLA17048SBS-4-2,366,SCLA17048SBS-4-2,LA08084SBSBS-15 / LA10044SSBS-1,seed available,0.30411939
2,578,FLLA11019S-8,235,FLLA11019S-8,FL0564-Ab13 / LA06071SBSB-S1,seed available,0.305635524
2,579,TX20CAS1075,309,TX20CAS1075,TX14OCS5208/TX09CS031//TX15OCS6137,no seed for NY 2025,0.311341245
2,580,LA17018SBSS-35-1,425,LA17018SBSS-35-1,FL0720-R6 / LA10041SSBS-80,seed available,0.313150704
2,581,LA17080SBS-32-1-1,432,LA17080SBS-32-1-1,LA10001SSBS-20 / MN2013BT1021-1-2,seed available,0.314138841
2,582,FL12034-10,237,FL12034-10,LA06055SBSBSB-79 (TAMO 405/LA02054-S-B-167-S2)/FL11048 F1 (FL03038-L1/MN 08262),seed available,0.316142286
2,583,TX20CAS1011,405,TX20CAS1011,TX07CS1948/TX15OCS6039,seed available,0.316914648
2,584,FLLA17149-3,389,FLLA17149-3,NC12-3447 / LA09015SBS-U1,seed available,0.318682986
2,585,FL0943-U4,23,FL0943-U4,"FL0554-Ab5 (UFRGS 01B7114-1-3 (PC68/*Starter F4//UFRGS 10)/FL0127-H1 (FL0051 F1 (FL92SA292-A1/FL92OHR37,896-Y3-A1)/IL 95-8217 (Blaze/Brawn)))/F1 FL0841 (05RAT-00P08(AC Ronald/OT299)/LA02010SBSBSBSB-S2(9513BTB-80-I2/TX00D176))",seed available,0.323557645
2,586,TX07CS2140,202,TX07CS2140,NC97-8972N=(Bulk Sel)//TAMO 405,seed available,0.32581957
2,587,LA15015SB-S50,443,LA15015SB-S50,BW08-5/HZN306(LA05006),seed available,0.326093463
2,588,FLLA17088-66,386,FLLA17088-66,LA10044SSBS-1 / LA10001SSBS-20,seed available,0.326094378
2,589,LA17031SBS-58-1,313,LA17031SBS-58-1,"HZN 306  / LA16049,F1 (HZN 306  / UFRGS 087045-3)",seed available,0.326219901
2,590,FLLA16102-78,296,FLLA16102-78,LA10008SSBS-21 / NC09-4274N,seed available,0.331949382
2,591,FLLA17067-12,265,FLLA17067-12,"LA09015SBS-U4 / LA16170,F1 (TX14OCS5160 / HZN 306 )",seed available,0.332683525
2,592,Horizon 201,40,Horizon 201,FL92OHR35183-Y1/TX96M1384 (=FL99201-D29-E1),seed available,0.33916613
2,593,FL1045-1,27,FL1045-1,IL 02-8011/FL03117-L5(UFRGS B017108-2-5/Bw1000),seed available,0.339466191
2,594,FL03001BSB-S7,12,FL03001BSB-S7,LA9339E45/Bw3996,seed available,0.339779883
2,595,TX14OCS5080,228,TX14OCS5080,LA99016//TX02U7682,seed available,0.340552674
2,596,FLLA16102-76,295,FLLA16102-76,LA10008SSBS-21 / NC09-4274N,seed available,0.341913537
2,597,FLLA17109-68,388,FLLA17109-68,"LA99016 / LA16153,F1 (NC12-3578 / TX14OCS5208)",seed available,0.343782373
2,598,TX20CAS1001,297,TX20CAS1001,LA07005SBSBSBS-9-S1/TX14OCS5073,seed available,0.344220244
2,599,TX05CS 347-1 (??TAMO405),199,TX05CS 347-1 (??TAMO405),TAMO 405/Plot Spike LA9339,seed available,0.34440572
2,600,FL0772-R3,17,FL0772-R3,P0216A1-1/FL0023-E10-H1-J5,seed available,0.344845592
2,601,LA07007SBSB-68,69,LA07007SBSB-68,"FL0206FSB-34-S2  /  LA06070,F1 (UFRGS046048-1/HZN 270)",seed available,0.346454967
2,602,NC14-1686,164,NC14-1686,Gerard 224 / NC02-8057,seed available,0.347173338
2,603,LA09067SBS-U1,119,LA09067SBS-U1,MN06120/UFRGS 017147-2,seed available,0.352423391
2,604,TX14OCS5050,221,TX14OCS5050,TAMO406//TX00D110,seed available,0.356212313
2,605,FLLA17100-4,272,FLLA17100-4,"LA10044SSBS-1 / LA16095,F1 (LA09015SBS-U2 / TX14OCS5212)",seed available,0.362407811
2,606,FL13088-4,242,FL13088-4,BW 08- 31/LA06046SS-N2-Ab2 (P973A38-3-6 = ROBUST/LA90105-C4-1-1-1-2-1),seed available,0.364024194
2,607,Gerard 229,38,Gerard 229,NC93-2978/FL874S1G3//ARFOB3D,seed available,0.364556537
2,608,FLLA17035-69,399,FLLA17035-69,LA08084SBSBS-15 / LA10041SSBS-80,seed available,0.369747877
2,609,LA07007SBSBSB-18,70,LA07007SBSBSB-18,"FL0206FSB-34-S2(UFRGS 995088-3/LA9535D118-4) /  LA06070,F1 (UFRGS046048-1/HZN 270)",seed available,0.372077905
2,610,TX19CAS0032,352,TX19CAS0032,LA07005SSBSB12//LA07007SBSBSB-18/TX09CS058,seed available,0.372679761
2,611,FLLA17069-54,336,FLLA17069-54,LA09015SBS-U4 / LA99016,seed available,0.374381909
2,612,LAFL17541-5-1,438,LAFL17541-5-1,TX09CS049/LA09015SBS-U2,seed available,0.375536618
2,613,NC11-1798y,134,NC11-1798y,NC01-3981 / SS76-40,seed available,0.375973211
2,614,NC12-3753,138,NC12-3753,NC02-7989 / SC961246 // Gerard 224,seed available,0.376757848
2,615,FL0720-R6,16,FL0720-R6,FL0206FSB-34-S1//FL0016-H1/IL 3555,seed available,0.380356691
2,616,SCLA16032SSBS-7-1,365,SCLA16032SSBS-7-1,FL0720-R6 / LA99017,seed available,0.381333548
2,617,LA17009SBSS-53-1,423,LA17009SBSS-53-1,BW 08-5 / MN11211 (SA081654)2,seed available,0.382418941
2,618,LA07052SBSBSBS-1-S1,84,LA07052SBSBSBS-1-S1,LA99017SBSB-46  /  SD020707,seed available,0.386795694
2,619,LA08024SBSBS-48-S1,93,LA08024SBSBS-48-S1,FL0115-J2/LA97006GSB-59-2-4,seed available,0.390364545
2,620,TX20CAS1035,406,TX20CAS1035,TX14OCS5086/LA14036S,seed available,0.393410014
2,621,TX19CAS0002,348,TX19CAS0002,LA09030SBS-U3-AB1/TX07CS1948//UFGS 1050 64-1,seed available,0.395293115
2,622,LA03060SBSBSB-S1,49,LA03060SBSBSB-S1,TX96M1398/LA9339,seed available,0.398246761
2,623,LA17080SBS-29-1-1,431,LA17080SBS-29-1-1,LA10001SSBS-20 / MN2013BT1021-1-2,seed available,0.398473807
2,624,LA07024SBSBSBS-7-S1,74,LA07024SBSBSBS-7-S1,"LA02029SBSBS48/LA06030,F1 (HZN 270/LA90105-C4-1-1-1-2-1)",seed available,0.399287876
2,625,TX20CAS1025,303,TX20CAS1025,FLO522/TX07CS2783//TAMO405/LA9339(PS)///LA05011GSBS-30/TX02D079,no seed for NY 2025,0.39984047
2,626,LA17110SBSS-16-1,327,LA17110SBSS-16-1,LA99016 / LA09015SBS-U1,seed available,0.402041514
2,627,TX18OCS9061,451,TX18OCS9061,LA09013SBSBU6-AB1/TX11CS009,seed available,0.405257677
2,628,LA17088SBSS-15-1,324,LA17088SBSS-15-1,"LA10041SSBS-80 / LA16165,F1 (TX09CS065 / BW 08-5)",seed available,0.407265367
2,629,FLLA17020-55,441,FLLA17020-55,"FL0720-R6/LA16098,F1(LA09103SBS-U5/LA99017)",seed available,0.408950698
2,630,LA15029SB-18-1-1,312,LA15029SB-18-1-1,BW 139-9 / LA99016,no seed for NY 2025,0.415226421
2,631,FLLA17025-20,373,FLLA17025-20,HZN 306  / LA10041SSBS-80,seed available,0.415654471
2,632,NC14-1747,166,NC14-1747,Gerard 224 / NC03-5579N,seed available,0.41664722
2,633,LA17008SBSS-9-1,422,LA17008SBSS-9-1,"BW 08-5 / LA16160,F1 (SD110304 / TX14OCS5212)",seed available,0.41756476
2,634,TX14OCS5010,210,TX14OCS5010,TX02U7227//NF27,seed available,0.421879215
2,635,TX18OCS9104,453,TX18OCS9104,LA07023SBSBS-FS5-AB1/TX09CS1029,seed available,0.424160715
2,636,FLLA17088-77,342,FLLA17088-77,LA10044SSBS-1 / LA10001SSBS-20,seed available,0.424275714
2,637,TX20CAS1061,413,TX20CAS1061,TX15OCS6138/TX07CS1228,seed available,0.429518174
2,638,LA10044-4,127,LA10044-4,LA97006GSB-59-2-4-SBS1/FL0522-FLID-B-S-B-S-92-S1,seed available,0.430702151
2,639,FLLA17032-41,376,FLLA17032-41,"HZN 306  / LA16188,F1 (UFRGS 087045-3 / MN11140)",seed available,0.435215122
2,640,TX20CAS1041,407,TX20CAS1041,TX14OCS5141/LA07070SBSBSBS-65-S1,seed available,0.436883605
2,641,LA09040SBS-U1,115,LA09040SBS-U1,"LA02035-I-J1-S1/LA08092,F1(UFRGS 057023-4 / TAMO405)",seed available,0.440627993
2,642,LA08021SBSBS-15-S1,90,LA08021SBSBS-15-S1,FL01016-H4/LA99016,seed available,0.441337677
2,643,LA17070SBSS-20-1,429,LA17070SBSS-20-1,"LA09015SBS-U4 / LA16170,F1 (TX14OCS5160 / HZN 306 )",seed available,0.443147077
2,644,FLLA17032-5,281,FLLA17032-5,HZN 306  / NC09-4274N,no seed for NY 2025,0.443377221
2,645,FLLA17152-71,390,FLLA17152-71,"NC12-3447 / LA16016,F1 (BW 08-5 / MN11140)",seed available,0.444944783
2,646,LA08081BS-T2,97,LA08081BS-T2,TX02U7682/UFRGS 028152-1,seed available,0.448290397
2,647,LA03040SBSBSB-83,47,LA03040SBSBSB-83,LA9339/HORIZON321,seed available,0.45032868
2,648,FL13084-8,244,FL13084-8,LA08092SBSBS-17 (UFRGS 057023-4/TAMO405)/BW 08- 31,seed available,0.450553173
2,649,LA08086BS-T2,106,LA08086BS-T2,UFRGS 046050-4/FL0016-H4,seed available,0.453964718
2,650,TX19CAS0050,355,TX19CAS0050,LA07007SBS-FS3-Ab1 / FL0772-R2/TX09CS049,seed available,0.457631706
2,651,NC14-1498,150,NC14-1498,Gerard 224 / Caballo,seed available,0.46360843
2,652,FLLA17028-12,262,FLLA17028-12,"HZN 306  / LA16032,F1 (FL0720-R6 / LA99017)",seed available,0.464736947
2,653,NC14-1767,168,NC14-1767,Gerard 224 / NC03-5579N,seed available,0.470298072
2,654,NC14-1820,174,NC14-1820,SS76-40 / NC02-8057,seed available,0.471281626
2,655,LA02065SBSBSBSB-88,45,LA02065SBSBSBSB-88,LA604/982IBI-64(833/T397),seed available,0.4720015
2,656,NC14-1832,175,NC14-1832,SS76-40 / NC02-8057,seed available,0.473546557
2,657,NC14-1643,162,NC14-1643,Caballo / NC05-5579N,seed available,0.48199442
2,658,FLLA17158-30,393,FLLA17158-30,FL0720-R6 / LA10041SSBS-80,seed available,0.483109803
2,659,FLLA17069-76,383,FLLA17069-76,LA09015SBS-U4 / LA99016,seed available,0.483292323
2,660,SCLA17080SBS-4-2,363,SCLA17080SBS-4-2,LA10001SSBS-20 / MN2013BT1021-1-2,seed available,0.485317272
2,661,NC14-1787,170,NC14-1787,Wintok / Caballo,seed available,0.485510067
2,662,FLLA16056-12,402,FLLA16056-12,"LA06059SBSBSB-46 / LA15120,F1,(TX09CS049 / LA07065SBSBSB-32)",seed available,0.485623856
2,663,FL13123-50,253,FL13123-50,FL06082-N6-Ab1 (TAMO 406/FL99175-H5 (TX93AB693/Plot Spike LA9339))/Bw 13,no seed for NY 2025,0.489717376
2,664,FLORIDA 02011,32,FLORIDA 02011,LA9513IBTB-10-1/MF9714-136,seed available,0.490785575
2,665,TX20CAS1014,300,TX20CAS1014,TX07CS1948/TX15OCS6039,no seed for NY 2025,0.492431266
2,666,LA16179SSBSS-22-1,421,LA16179SSBSS-22-1,"TX14OCS5212 / LA15044,F1,(HZN 306 (LA05006) / LA08048SBSBS-15)",seed available,0.49553832
2,667,SS76-50,188,SS76-50,NC93-2978/RODGERS//RODGERS/FL874,seed available,0.496554994
2,668,FLLA17078-54,270,FLLA17078-54,"LA10041SSBS-80 / LA16153,F1 (NC12-3578 / TX14OCS5208)",no seed for NY 2025,0.497936691
2,669,TX19CAS0041,353,TX19CAS0041,LA08085BS-T4//LA06071SBSB-S10/TAMO606,seed available,0.500463272
2,670,NC14-1514,152,NC14-1514,NC02-8037 / SS76-40,seed available,0.504402116
2,671,LA08039SBSBS-5-S1,94,LA08039SBSBS-5-S1,LA02065SBSBSB-S2/LA99017,seed available,0.506758103
2,672,TX20CAS1079,418,TX20CAS1079,TX14OCS5208/TX09CS031//TX15OCS6137,seed available,0.511330661
2,673,TX19CAS0055,356,TX19CAS0055,LA08051BS-T2/TX14OCS5001,seed available,0.513779671
2,674,LA06059SBSBSBSB-4-S1,65,LA06059SBSBSBSB-4-S1,TAMO 405/LA99016,seed available,0.516424433
2,675,TX09CS1056,206,TX09CS1056,03ABF1#105(TX96M1384/Horizon 314)//TAMO 405,seed available,0.517917739
2,676,LA09013SBS-U4,109,LA09013SBS-U4,FL0115-J2/WIX8347-2-B-S1,seed available,0.518176307
2,677,Winter Fulghum,234,Winter Fulghum,sel. From Fulghum (C.I. 699) (Richland/Richland)/sel. From Fulghum (C.I. 699) (Richland/Richland),seed available,0.519378227
2,678,LA04018SBSB-86,56,LA04018SBSB-86,HARRISON/TAMO405,seed available,0.527609785
2,679,LA04014SBSB-39,54,LA04014SBSB-39,LA97006GBS-30-1-C/LA90113-1-B3-AFL2-1-19-3-1,seed available,0.528193282
2,680,FL04155-S06-31-B-S1,15,FL04155-S06-31-B-S1,FL03139 F1 (TROPHY/MN00226)/FL03224 F1 (UPF94174-1/FL9605-A6-B4),seed available,0.532088761
2,681,TAMO 606,191,TAMO 606,Citation/84IORN#30 (=CX466-1-B4-D3-5),seed available,0.532395509
2,682,LA07033SBSB-33,77,LA07033SBSB-33,LA02076SBSBSB-S2  /  LA98002---84-2-S1-B-S1,seed available,0.539509575
2,683,TX19CAS0047,354,TX19CAS0047,LA08085BS-T4//LA06071SBSB-S10/TAMO606,seed available,0.540550753
2,684,LA97006GSB-59-2-4-SBS1,129,LA97006GSB-59-2-4-SBS1,TAMO 405/LA99016,seed available,0.540654964
2,685,FLLA17030-25,396,FLLA17030-25,"HZN 306  / LA16090,F1 (LA08085SBSBS-30 / MN2013BT1021-1-2)",seed available,0.545931675
2,686,FL03146BSB-S1-B-S1,13,FL03146BSB-S1-B-S1,TAMO 405/HZN 474,seed available,0.546317094
2,687,FL13126-57,258,FL13126-57,"BW 837/LA06014SBSBSBSB-34 (LA02079-S-B-69-S2/LA05006,F1(LA9339/TAMO 405))",seed available,0.547257476
2,688,LA08085SS-T3,105,LA08085SS-T3,UFRGS 046048-1/FL0206FSB-34-S1-B-S1,seed available,0.547302856
2,689,LAFL13108FSB-22-1-1,437,LAFL13108FSB-22-1-1,LA07065SBSBSB-20 (TAMO 405/UFRGS 028152-1)/BW 533,seed available,0.549177786
2,690,FLLA17119-74,275,FLLA17119-74,MN11211 (SA081654)2 / NC12-3447,seed available,0.551560597
2,691,NC12-3931,142,NC12-3931,Rodgers / NC03-2421,seed available,0.552243169
2,692,Rodgers,185,Rodgers,Coker 80-33/NC 81-376,seed available,0.555431291
2,693,FL13088-3,241,FL13088-3,BW 08- 31/LA06046SS-N2-Ab2 (P973A38-3-6 = ROBUST/LA90105-C4-1-1-1-2-1),seed available,0.555519586
2,694,LA17067SBSS-44-1,428,LA17067SBSS-44-1,LA09015SBS-U4 / LA10001SSBS-20,seed available,0.557409728
2,695,LA08086SBSBS-34,107,LA08086SBSBS-34,UFRGS 046050-4/FL0016-H4,seed available,0.557696828
2,696,TX14OCS5061,223,TX14OCS5061,TX08CS2235//TX00D110,seed available,0.55907995
2,697,Harrison,39,Harrison,Coker 234/74C70//Florida 502,seed available,0.560020947
2,698,LA17130SBSS-27-1,435,LA17130SBSS-27-1,"MN11211 (SA081654)2 / LA16022,F1 (CANTARA / BW 823)",seed available,0.561310193
2,699,NC20-4551,448,NC20-4551,Horizon578/NC10-5051,seed available,0.562838047
2,700,FL99084-J2,30,FL99084-J2,TX96D210FL/98008 F1(LA90151-BB-11-2-1/UFRGS 940556),seed available,0.567999457
2,701,FLLA17059-4,284,FLLA17059-4,LA09015SBS-U4 / NC12-3447,seed available,0.57330095
2,702,NC14-1977,180,NC14-1977,Gerard 229 / Rodgers,seed available,0.573573862
2,703,LA17126SBSS-48-1,434,LA17126SBSS-48-1,MN11211 (SA081654)2 / LA10041SSBS-80,seed available,0.579142879
2,704,LA07048SBSB-28,80,LA07048SBSB-28,LA98002SBS-64  /  LA99017,seed available,0.580002991
2,705,NC20-4441,445,NC20-4441,Horizon306/Gerard224,seed available,0.585628053
2,706,TX18OCS9125,454,TX18OCS9125,FL0703-R5-AB1//TX09CS1029/LA04004SBSB-7-B-S1,seed available,0.590274438
2,707,TX20CAS1063,415,TX20CAS1063,TX15OCS6138/TX07CS1228,seed available,0.590602673
2,708,FLLA16028-42,287,FLLA16028-42,FL0720-R6 / LA08016SBSBS-44-S1,seed available,0.591946545
2,709,FL13108-62,247,FL13108-62,LA07065SBSBSB-20 (TAMO 405/UFRGS 028152-1)/BW 533,seed available,0.594290321
2,710,TX20CAS1039,306,TX20CAS1039,TX14OCS5086/LA14036S,seed available,0.595802027
2,711,TX18OCS9100,452,TX18OCS9100,LA09013SBSBU6-AB1TX09CS1029,seed available,0.596162627
2,712,LA17153SBSS-46-1,331,LA17153SBSS-46-1,NC12-3447 / LA09015SBS-U4,seed available,0.596858689
2,713,LA05011GSBS-30,57,LA05011GSBS-30,TAMO405/LA99016,seed available,0.602407829
2,714,TX05CS 347-2,200,TX05CS 347-2,TAMO 405/Plot Spike LA9339,seed available,0.60365017
2,715,TX20CAS1034,304,TX20CAS1034,TX14OCS5086/LA14036S,no seed for NY 2025,0.608596858
2,716,TX20CAS1077,310,TX20CAS1077,TX14OCS5208/TX09CS031//TX15OCS6137,no seed for NY 2025,0.608800105
2,717,LA08056SBSBS-56-S1,96,LA08056SBSBS-56-S1,LA97006GSB-59-2-4-SBS1/TX02U7682,seed available,0.609650203
2,718,TX14OCS5070,226,TX14OCS5070,FLO115-J2//TX02U7682,seed available,0.611167682
2,719,FLLA17069-56,381,FLLA17069-56,LA09015SBS-U4 / LA99016,seed available,0.611237457
2,720,FLLA17017-69,279,FLLA17017-69,"FL0720-R6 / LA16048,F1 (HZN 306  / TX14OCS5212)",no seed for NY 2025,0.616770834
2,721,TX20CAS1082,311,TX20CAS1082,TX14OCS5208/TX07CS1228//LA09066SBS-U3,seed available,0.617536496
2,722,FL1049-3,28,FL1049-3,FL03262-L1(Bw501/LA9818IBIB-I2-B)/UPF97H2200-7-2,seed available,0.617604025
2,723,LA09013SBS-U6,110,LA09013SBS-U6,SD60130(IL95-1241/W00276)/UFRGS 087212-1,seed available,0.619902713
2,724,FLLA17088-60,271,FLLA17088-60,LA10044SSBS-1 / LA10001SSBS-20,seed available,0.620612537
2,725,LA17089SBSS-73-1,326,LA17089SBSS-73-1,LA10041SSBS-80 / LA99017,seed available,0.624264268
2,726,TX20CAS1044,408,TX20CAS1044,TX14OCS5159/LA07070SBSBSBS-65-S1,seed available,0.625051266
2,727,LA09103SBS-U4,125,LA09103SBS-U4,LA97006GSB-59-2-4/UFRGS08708-4,seed available,0.629464877
2,728,NC14-1974,179,NC14-1974,Gerard 229 / Rodgers,seed available,0.630529155
2,729,LA09066SBS-U3,118,LA09066SBS-U3,MN06120/TX02U7682,seed available,0.632107542
2,730,LA07048SBSB-39,81,LA07048SBSB-39,LA98002SBS-64  /  LA99017,seed available,0.636747
2,731,LA08085BS-T4,102,LA08085BS-T4,UFRGS 046048-1 F6/FL0206FSB-34-S1-B-S1,seed available,0.639466552
2,732,TX14OCS5065,224,TX14OCS5065,05CS347-1//TX02U7605,seed available,0.640149442
2,733,LA09015SBS-U1 (Jaggernaut),111,LA09015SBS-U1 (Jaggernaut),FL0210-J1/MN06023,seed available,0.641560723
2,734,FLLA17084-28,286,FLLA17084-28,LA10041SSBS-80 / LA99017,seed available,0.642954388
2,735,LA09016SBS-U6,112,LA09016SBS-U6,FL0210-J1/UFRGS 046050-4,seed available,0.645115188
2,736,NC14-1874,176,NC14-1874,SS76-50 / Rodgers,seed available,0.648447748
2,737,LA03018SBSBSB-65-S1,46,LA03018SBSBSB-65-S1,LA9819IBI-75-2-B/FL9418-A3-B4-B-I,seed available,0.649138923
2,738,LA08016SBSBS-44-S1,89,LA08016SBSBS-44-S1,BW5-33/UFRGS046048-1,seed available,0.649668829
2,739,LA07026SBS-FS1-Ab1,75,LA07026SBS-FS1-Ab1,LA02029SBSBS48/UFRGS 028153-2,seed available,0.651417435
2,740,SCLA17076SBS-32-1,368,SCLA17076SBS-32-1,"LA10001SSBS-20 / LA16147,F1 (MN2013BT1020-1-1 / LA07052SBSBSBS-1-S1)",seed available,0.651805048
2,741,FLLA17051-21,378,FLLA17051-21,"LA09015SBS-U1 / LA16067,F1 (LA07059SBSBSB-44 / NC12-3578)",seed available,0.657527907
2,742,FLLA16083-25,347,FLLA16083-25,LA08084SBSBS-15 / LA06059SBSBSB-46,seed available,0.658559722
2,743,NC14-1574,157,NC14-1574,BYDV121 / NC03-8331,seed available,0.65917011
2,744,NC19-3542,444,NC19-3542,NC12-3868/NC11-1651,seed available,0.661100504
2,745,LA07065SBSBSB-32,86,LA07065SBSBSB-32,TAMO 405/UFRGS 028152-1,seed available,0.664861524
2,746,HORIZON 306,42,HORIZON 306,LA9339’/’TAMO 405,seed available,0.665925316
2,747,TX14OCS5078,227,TX14OCS5078,TX02U7047//TX02U7682,seed available,0.667970928
2,748,TX20CAS1047,410,TX20CAS1047,TX14OCS5159/LA07070SBSBSBS-65-S1,seed available,0.66897902
2,749,TX14OCS5011,211,TX14OCS5011,TX08Cas 1840//NF27,seed available,0.668999048
2,750,LA17089SBS-25-2,315,LA17089SBS-25-2,LA10041SSBS-80 / LA99017,no seed for NY 2025,0.6718122
2,751,LA09092SBS-U2,124,LA09092SBS-U2,"UFRGS087157-3/LA08011,F1(BW1803 / MN04241)",seed available,0.673387379
2,752,FLLA17158-4,278,FLLA17158-4,FL0720-R6 / LA10041SSBS-80,seed available,0.678538067
2,753,NC14-1799,172,NC14-1799,Norline / SS76-40,seed available,0.68039547
2,754,TX02U 7605,198,TX02U 7605,TX92M1596(79Bord/Kenya SR/TAMO 386)/TX83Ab2923,seed available,0.681514136
2,755,FLLA17077-28,385,FLLA17077-28,LA10001SSBS-20 / NC12-3447,seed available,0.68546128
2,756,NC14-1554,155,NC14-1554,NC3981-4 / WT1,seed available,0.685960715
2,757,LA16118SSBSS-6-1,420,LA16118SSBSS-6-1,"LA15041,F1,(HZN 306 (LA05006) / FL0720-R6) / TX14OCS5212",seed available,0.687719231
2,758,FLLA17071-7,339,FLLA17071-7,LA10001SSBS-20 / LA99017,seed available,0.688111124
2,759,LA09028SBS-U2,114,LA09028SBS-U2,"HZN270/LA08014,F1(BW5-33 / IL00-8279)",seed available,0.691020166
2,760,FL99153FBS-45-1-B-S-B-S1-B-S1,31,FL99153FBS-45-1-B-S-B-S1-B-S1,TX95C3147/FL98007 F1(SC 942283/UFRGS 940556),seed available,0.693011998
2,761,TX20CAS1070,307,TX20CAS1070,TAMO411/TX14OCS5189//TX15OCS6040,seed available,0.696940952
2,762,LA04018SBSB-181,55,LA04018SBSB-181,TX96M1385/LA604//833,seed available,0.697071465
2,763,Savage (TX14OCS5212),439,Savage (TX14OCS5212),FL0115-J4/TX02U7047,seed available,0.699965892
2,764,TX14OCS5031,216,TX14OCS5031,TX02U7490//TX08CAS1796,seed available,0.702319761
2,765,TX20CAS1037,305,TX20CAS1037,TX14OCS5086/LA14036S,seed available,0.703651061
2,766,TAMO 406,190,TAMO 406,Mitchell/TX83Ab2923/TAMO386R,seed available,0.705012873
2,767,TX19CAS0020,351,TX19CAS0020,TX07CSC1948/LA07005SBSBSB12,seed available,0.706113009
2,768,NC14-1573,156,NC14-1573,BYDV121 / NC03-8331,seed available,0.707213616
2,769,LA17089SBS-45-1-1,325,LA17089SBS-45-1-1,LA10041SSBS-80 / LA99017,seed available,0.707552929
2,770,NC12-3578,136,NC12-3578,SS76-40 / NC02-7989 // LA98105B,seed available,0.711993714
2,771,NC14-1482,147,NC14-1482,NC02-456 / SS76-40,seed available,0.712207827
2,772,LA17031SBSS-77-1,426,LA17031SBSS-77-1,"HZN 306  / LA16049,F1 (HZN 306  / UFRGS 087045-3)",seed available,0.713544654
2,773,FLLA17088-61,341,FLLA17088-61,LA10044SSBS-1 / LA10001SSBS-20,seed available,0.716250029
2,774,NC14-1651,163,NC14-1651,NC05-5456 / SS76-40,seed available,0.719254817
2,775,LA09078SBS-U7,121,LA09078SBS-U7,UFRGS 046054-2/MN06120,seed available,0.719584652
2,776,LA07005SBSBSB-12,68,LA07005SBSBSB-12,FL0121FSBSBSB-S3  /  LA99016,seed available,0.719593226
2,777,TX20CAS1062,414,TX20CAS1062,TX15OCS6138/TX07CS1228,seed available,0.724553956
2,778,TX14OCS5182,232,TX14OCS5182,Plot Spike//TX07CS425,seed available,0.727210754
2,779,LA06063SBSB-S1,66,LA06063SBSB-S1,UFRGS 028152-1/LA02079-S-B-69-S2,seed available,0.728349309
2,780,NC14-1902,177,NC14-1902,SS76-40 / Gerard 229,seed available,0.732955304
2,781,TX14OCS5039,219,TX14OCS5039,TAMO406//TX02D034,seed available,0.734664459
2,782,FLLA17109-56,273,FLLA17109-56,"LA99016 / LA16153,F1 (NC12-3578 / TX14OCS5208)",seed available,0.735875482
2,783,TX20CAS1076,417,TX20CAS1076,TX14OCS5208/TX09CS031//TX15OCS6137,seed available,0.736709067
2,784,FLLA17069-44,333,FLLA17069-44,LA09015SBS-U4 / LA99016,seed available,0.740128385
2,785,LA08084SBSBS-15,99,LA08084SBSBS-15,UFRGS 028153-2/LA99016,seed available,0.745672053
2,786,TAMO412,236,TAMO412,FL9708-P71=(Coker92Ab719/Horizon314)//TAMO405,seed available,0.749135705
2,787,FL13125-17,257,FL13125-17,BW 08-1/LA07004SBSBSBS-5 (FL0121FSBSBSB-S3/LA02079-S-B-69-S2),seed available,0.751647378
2,788,FLLA17069-53,334,FLLA17069-53,LA09015SBS-U4 / LA99016,seed available,0.75570985
2,789,FLLA16180-50,291,FLLA16180-50,TX1948 / LA06059SBSBSB-46,no seed for NY 2025,0.756828973
2,790,FLLA17119-66,343,FLLA17119-66,MN11211 (SA081654)2 / NC12-3447,seed available,0.756944335
2,791,LA06046-N2-Ab3,60,LA06046-N2-Ab3,P973A38-3-6/LA90105-C4-1-1-1-2-1,seed available,0.757784079
2,792,LA07033SBSB-2,76,LA07033SBSB-2,LA02076SBSBSB-S2  /  LA98002---84-2-S1-B-S1,seed available,0.760209104
2,793,TX20CAS1002,298,TX20CAS1002,LA09026SBS-U1//TX09CS1112/LA06059,seed available,0.761751175
2,794,LA04004SBSB-7-B-S1,53,LA04004SBSB-7-B-S1,LA97006GBS-30-1-C/LA90113-1-B3-AFL2-1-19-3-1,seed available,0.763596397
2,795,LA07046SBSBSBS-2-S1,78,LA07046SBSBSBS-2-S1,"LA98002---84-2-S1-B-S1  /  LA06072,F1 (UFRGS046048-1/TX02U7605)",seed available,0.765131473
2,796,TX10CAS085,208,TX10CAS085,TX05F4-585(Sect.495/TAMO406)//TX02U7605,seed available,0.766487068
2,797,FLLA16117-4,288,FLLA16117-4,"LA15040,F1,(FL0720-R6 / LA99017) / NC12-3578",seed available,0.766858561
2,798,LA17129SBSS-60-1,328,LA17129SBSS-60-1,"MN11211 (SA081654)2 / LA16022,F1 (CANTARA / BW 823)",seed available,0.767381659
2,799,NC13-6579,144,NC13-6579,NC01-3981/WN10B//NC01-3981,seed available,0.769162593
2,800,TX14OCS5041,220,TX14OCS5041,TX02D44//TX05CS556,seed available,0.769952063
2,801,NC14-1491,148,NC14-1491,NC02-456 / SS76-40,seed available,0.772813032
2,802,TX02U 7047,194,TX02U 7047,TAMO386ERB/TAMO386R/92SAT24-4,seed available,0.781663046
2,803,NC14-1818,173,NC14-1818,SS76-40 / NC02-8057,seed available,0.784106951
2,804,LA06059SBSBSB-16-S,63,LA06059SBSBSB-16-S,TAMO 405/LA99016,seed available,0.785020881
2,805,COKER 234,7,COKER 234,FL500//Woodgrain/CI7330/3/Moregrain/Milford sel./4/2* Suregrain/PI 287211,seed available,0.78548862
2,806,LA04004SBSB-121,51,LA04004SBSB-121,UFRGS995080-1/9818IBI-24-B-I1,seed available,0.790665191
2,807,SCLA17119SBS-17-2,367,SCLA17119SBS-17-2,LA99017 / LA09015SBS-U1,seed available,0.795094336
2,808,TX02U 7473,196,TX02U 7473,TX94Ab343/TAMO386ERB,seed available,0.795937006
2,809,TX17OCS8075,450,TX17OCS8075,LA05006GSBS-65-S1/TX10CAS279,seed available,0.796118424
2,810,FLLA16137-1,289,FLLA16137-1,"LA99016 / LA15101,F1,(LA08084BS-T2 / LA99016)",seed available,0.796739742
2,811,FLLA17029-66,374,FLLA17029-66,"HZN 306  / LA16044,F1 (HZN 306  / FL0720-R6)",seed available,0.796922922
2,812,TX14OCS5098,229,TX14OCS5098,TX02U7097/HORIZON 321,seed available,0.797027253
2,813,SECTARIAT LA495,186,SECTARIAT LA495,Coker 84-15*2/4/'Blizzard'/3/Coker 79-21//'Coker 234'/CI9139,no seed for NY 2024 or 2025,0.798110754
2,814,TX14OCS5037,218,TX14OCS5037,TX02D034//TX02U7682,seed available,0.798504378
2,815,FLLA17030-18,280,FLLA17030-18,"HZN 306  / LA16090,F1 (LA08085SBSBS-30 / MN2013BT1021-1-2)",seed available,0.800207399
2,816,NC12-3742,137,NC12-3742,NC02-7989 / SC961246 // Gerard 224,seed available,0.801889026
2,817,TX07CS2652,203,TX07CS2652,Harrison//TAMO 406,seed available,0.803214416
2,818,LA09092SBS-U1,123,LA09092SBS-U1,"UFRGS087157-3/LA08011,F1(BW1803 / MN04241)",seed available,0.805346878
2,819,FLLA17069-49,380,FLLA17069-49,LA09015SBS-U4 / LA99016,seed available,0.805854694
2,820,TX19CAS0004,349,TX19CAS0004,LA07005SBSBSB12/TXO7CS1948,seed available,0.811787252
2,821,TX19CAS0017,350,TX19CAS0017,TX07CS1948/LA08051BS-T2//TX14OCS5189,seed available,0.811792116
2,822,TX20CAS1013,299,TX20CAS1013,TX07CS1948/TX15OCS6039,no seed for NY 2025,0.81319813
2,823,FL13126-79,260,FL13126-79,"BW 837/LA06014SBSBSBSB-34 (LA02079-S-B-69-S2/LA05006,F1(LA9339/TAMO 405))",seed available,0.814740645
2,824,LA17129SBSS-8-1,329,LA17129SBSS-8-1,"MN11211 (SA081654)2 / LA16022,F1 (CANTARA / BW 823)",seed available,0.816519074
2,825,FLLA17055-63,264,FLLA17055-63,LA09015SBS-U4 / LA10001SSBS-20,seed available,0.819277124
2,826,LA06058SBS-32-S1,61,LA06058SBS-32-S1,LA9339/TAMO 405,seed available,0.820553316
2,827,LA07070SBSBSBS-65-S1,88,LA07070SBSBSBS-65-S1,TX02U7473/UFRGS 01B7114-1-3,seed available,0.821940605
2,828,NC09-4274N,132,NC09-4274N,LA 9339/SS76-40 // FLLA95131,seed available,0.822442113
2,829,NC12-3963,143,NC12-3963,NC03-2421 / SS76-40,seed available,0.823509044
2,830,FL13126-69,259,FL13126-69,"BW 837/LA06014SBSBSBSB-34 (LA02079-S-B-69-S2/LA05006,F1(LA9339/TAMO 405))",no seed for NY 2025,0.823850035
2,831,TX14OCS5069,225,TX14OCS5069,TX02U7605//FL115-J2,seed available,0.825468531
2,832,LA09065SBS-U1,117,LA09065SBS-U1,MN06120/LA90105-C4-1-1-1-2-1,seed available,0.832944481
2,833,TX02U 7479,197,TX02U 7479,"92M1009(T386""S""/94Ab347",seed available,0.834790705
2,834,Florida 500,33,Florida 500,Florad (Floriland Irradiated/unknown)/unnamed_6485 (unnamed_6484/unnamed_6483),seed available,0.835172268
2,835,FL13123-41,252,FL13123-41,FL06082-N6-Ab1 (TAMO 406/FL99175-H5 (TX93AB693/Plot Spike LA9339))/Bw 13,seed available,0.836202137
2,836,NC14-1543,154,NC14-1543,NC3981-4 / WT1,seed available,0.836349939
2,837,FL13109-38,248,FL13109-38,FL0772-R3 (LA02018SBSBS5-B-S1/UFRGS 057029-4)/Carrolup,seed available,0.838995994
2,838,Osage,183,Osage,Fulton (Fulghum/Markton)/Sel.5562 (Vicotria - Argentian/Richland),seed available,0.841801505
2,839,LA17008SBSS-59-1,320,LA17008SBSS-59-1,"BW 08-5 / LA16160,F1 (SD110304 / TX14OCS5212)",seed available,0.843980204
2,840,LA07049SBSBSBS-52-S1,83,LA07049SBSBSBS-52-S1,LA99016/HZN 270,seed available,0.846122278
2,841,TX20CAS1046,409,TX20CAS1046,TX14OCS5159/LA07070SBSBSBS-65-S1,seed available,0.847953337
2,842,FL0943-U2,22,FL0943-U2,"FL0554-Ab5 (UFRGS 01B7114-1-3 (PC68/*Starter F4//UFRGS 10)/FL0127-H1 (FL0051 F1 (FL92SA292-A1/FL92OHR37,896-Y3-A1)/IL 95-8217 (Blaze/Brawn)))/F1 FL0841 (05RAT-00P08(AC Ronald/OT299)/LA02010SBSBSBSB-S2(9513BTB-80-I2/TX00D176))",seed available,0.848116554
2,843,NC20-4526,446,NC20-4526,Horizon578/Gerard227,seed available,0.848148948
2,844,FL0914-U2,18,FL0914-U2,LA04008SBSB-74-B-S1 (TROPHY/TAMO405)/F1 FL0874 (WIX8347-2(Gem/ND900117)/FL0744 F1(LA01005BSBSBS-46/Bw 103)),seed available,0.8487242
2,845,FL13097-1,243,FL13097-1,"BW 837/LA07007SBSB-68 (FL0206FSB-34-S2/LA06070,F1 (UFRGS046048-1/HZN 270))",seed available,0.854511629
2,846,FL13113-69,251,FL13113-69,FL0858-S2-Ab1 (LA04013SBSB-S3(99012SBS-23-S/UFRGS995080-1)/FL0047-J2(Horizon 474/TX97C1168))/BW 08-5,seed available,0.855523831
2,847,TX19CAS0066,359,TX19CAS0066,TX14OCS5003/LA09074SBS-U4,seed available,0.856723985
2,848,FL0941-U1,21,FL0941-U1,LA04014S-L1 (LA99017SBSB-46/LA833-99AB118)/F1 FL0853 (FL0746 F1(FL0105FSBSBS20-B-S1(TX97C1168/IA 91462-45-1-6)/QR1860BSB-S2 (UFRGS921260 / X8204-1))/FL0206FSB-34-S1-B-S1(UFRGS 995088-3/LA9535D118-4)),seed available,0.861317697
2,849,FL1013-1,24,FL1013-1,SD60130(SPURS/W00276)/UFRGS 087212-1,seed available,0.863238527
2,850,NC12-3845,139,NC12-3845,NC01-3981 / Rodgers,seed available,0.865344528
2,851,FL13057-4,240,FL13057-4,FL0704-R1 (FL99084-J4/UFRGS 057070-1)/FL0772-R3 (LA02018SBSBS5-B-S1/UFRGS 057029-4 ),seed available,0.867058409
2,852,LA08085SBSBS-48,103,LA08085SBSBS-48,UFRGS 046048-1 F6/FL0206FSB-34-S1-B-S1,seed available,0.874750477
2,853,NC14-1619,161,NC14-1619,BYDV-135 / Gerard 224,seed available,0.885663346
2,854,LA08089SBSBS-52-S1,108,LA08089SBSBS-52-S1,UFRGS 050723-4/FL0115-J2,seed available,0.88999771
2,855,FLLA17030-23,346,FLLA17030-23,"HZN 306  / LA16090,F1 (LA08085SBSBS-30 / MN2013BT1021-1-2)",seed available,0.890390356
2,856,FLLA17071-19,338,FLLA17071-19,LA10001SSBS-20 / LA99017,seed available,0.892901556
2,857,LA07059SBSBSB-44,85,LA07059SBSBSB-44,ND000824  /  TROPHY,seed available,0.894470223
2,858,FLLA17047-55,283,FLLA17047-55,"LA09015SBS-U1 / LA16067,F1 (LA07059SBSBSB-44 / NC12-3578)",seed available,0.894742757
2,859,FL13110-68,249,FL13110-68,LA06071-SBSB-S10 (UFRGS046048-1/TX02U7605)/BW 08-19)/LA08043SBSBS-4 (LA03046SBS7-B-S1/LA97006GSB-59-2-4),no seed for NY 2025,0.89566166
2,860,LA07048SBSB-5,82,LA07048SBSB-5,LA98002SBS-64  /  LA99017,seed available,0.897027214
2,861,COKER 227,6,COKER 227,FL500//Woodgrain/CI7330/3/Moregrain/Milford sel./4/2* Suregrain/PI 287211,seed available,0.897726907
2,862,TX02U 7097,195,TX02U 7097,TX92M1505(C5-2 1563 CR Cpx/SR Cpx/unknown)/TX83Ab2923,seed available,0.900833454
2,863,FLLA16102-41,293,FLLA16102-41,LA10008SSBS-21 / NC09-4274N,seed available,0.902917999
2,864,FLLA09044-U1,239,FLLA09044-U1,UFRGS 028153-2/LA99016,seed available,0.905132752
2,865,FL13112-14,250,FL13112-14,FL0704-R1 (FL99084-J4/UFRGS 057070-1)/Carrolup,seed available,0.905763969
2,866,FLLA17051-20,377,FLLA17051-20,"LA09015SBS-U1 / LA16067,F1 (LA07059SBSBSB-44 / NC12-3578)",seed available,0.905796142
2,867,BIG MAC,1,BIG MAC,Coker 68-16/Coker 69-26//Coker 68-23/Coker 68-26 4/Sg/ PI 287211,seed available,0.906644652
2,868,SCLA17074SBS-1-1,370,SCLA17074SBS-1-1,LA10001SSBS-20 / LA09015SBS-U1,seed available,0.906723063
2,869,LA09082SBS-U11,122,LA09082SBS-U11,UFRGS046103-2/ND 020971,seed available,0.917171499
2,870,NC12-3447,135,NC12-3447,NC02-8005 / AR02133  // Gerard 224,seed available,0.918870867
2,871,NC14-1533,153,NC14-1533,NC02-8247 / SS76-40,seed available,0.919289293
2,872,TX14OCS5012,212,TX14OCS5012,TX08Cas 1840//NF27,seed available,0.920347376
2,873,LA14009SBSB-21-1-1,317,LA14009SBSB-21-1-1,"FL0529-N1 / LA13006, F1(FL04176-S06-21-B-S1 / ND081465)",seed available,0.921850673
2,874,LA17017SBSS-16-1,424,LA17017SBSS-16-1,FL0720-R6 / LA10001SSBS-20,seed available,0.924872162
2,875,LA17075SBSS-24-1,322,LA17075SBSS-24-1,LA10001SSBS-20 / LA10041SSBS-80,seed available,0.92915788
2,876,FLLA17077-16,384,FLLA17077-16,LA10001SSBS-20 / NC12-3447,seed available,0.930565902
2,877,FL0047-J9,10,FL0047-J9,Horizon 474/TX97C1168,seed available,0.932538327
2,878,LA16072SBSS-30-1,318,LA16072SBSS-30-1,LA08016SBSBS-44-S1 / MN2013BT1021-1-2,seed available,0.933586302
2,879,FLLA17051-2,263,FLLA17051-2,"LA09015SBS-U1 / LA16067,F1 (LA07059SBSBSB-44 / NC12-3578)",no seed for NY 2025,0.934025388
2,880,TX09CS1112,207,TX09CS1112,Horizon 314//TX02U7097(TX92M1505=C5-2 1563CR cpx/Unknown/TX83Ab2923),seed available,0.9364645
2,881,FLLA16179-9,401,FLLA16179-9,"TX14OCS5212 / LA15044,F1,(HZN 306 (LA05006) / LA08048SBSBS-15)",seed available,0.937003421
2,882,LA05011GSBSBSB-11,58,LA05011GSBSBSB-11,TAMO405/LA99016,seed available,0.93756743
2,883,Fulgrain,36,Fulgrain,Big Boy (unknown/unknown)/Navarro (sel. From North American landrace/sel. From North American landrace),seed available,0.93919748
2,884,FLLA17074-47,268,FLLA17074-47,LA10001SSBS-20 / MN2013BT1020-1-1,seed available,0.94005162
2,885,HORIZON 270,41,HORIZON 270,FL95MEO29/TX93M2107,seed available,0.943536065
2,886,NC14-1605,159,NC14-1605,NC03-2567 / SS76-40,seed available,0.947243978
2,887,LA08083SBSBS-5,98,LA08083SBSBS-5,UFRGS 028152-1/LA97006GSB-59-2-4-SBS1,seed available,0.95441072
2,888,LA17067SBSS-26-1,427,LA17067SBSS-26-1,LA09015SBS-U4 / LA10001SSBS-20,seed available,0.954850943
2,889,TX14OCS5193,233,TX14OCS5193,Horizon 201//TX02U7473,seed available,0.955614227
2,890,TIFT,192,TIFT,NA,seed available,0.95690004
2,891,FLLA17077-4,269,FLLA17077-4,LA10001SSBS-20 / NC12-3447,seed available,0.957476384
2,892,NC14-1494,149,NC14-1494,Gerard 224 / Caballo,seed available,0.959098764
2,893,LA17153SBS-20-2-1,330,LA17153SBS-20-2-1,NC12-3447 / LA09015SBS-U4,seed available,0.961583646
2,894,LA02012-S-B-139-S2-B-S2-B-S2,43,LA02012-S-B-139-S2-B-S2-B-S2,LA9513IBTB-80-I1-B/MF9424-24,seed available,0.96293443
2,895,TX14OCS5017,214,TX14OCS5017,NF27//TX07CS1805,seed available,0.964331454
2,896,NC20-4452,449,NC20-4452,Horizon578/Horizon306,seed available,0.965308744
2,897,FLLA16056-4,292,FLLA16056-4,"LA06059SBSBSB-46 / LA15120,F1,(TX09CS049 / LA07065SBSBSB-32)",seed available,0.967621683
2,898,FL03254-L1,14,FL03254-L1,LA982IBI-64(833/TAMO 397)/UFRGS 028155,seed available,0.970112315
2,899,FLLA17018-17,395,FLLA17018-17,"FL0720-R6 / LA16048,F1 (HZN 306  / TX14OCS5212)",seed available,0.972607801
2,900,LA03046SBS7-B-S1,48,LA03046SBS7-B-S1,LA9339/TAMO405,seed available,0.974943374
2,901,LA06009SBSBSB-24-S,59,LA06009SBSBSB-24-S,LA02030-S-B-5-S2/LA99016,seed available,0.977889456
2,902,FLORIDA 502,35,FLORIDA 502,NA,seed available,0.977899868
2,903,LA06059SBS-84-S1,62,LA06059SBS-84-S1,TAMO 405/HZN LA976,seed available,0.981173626
2,904,FLLA17017-70,394,FLLA17017-70,"FL0720-R6 / LA16048,F1 (HZN 306  / TX14OCS5212)",seed available,0.986061533
2,905,FLLA17081-23,340,FLLA17081-23,"LA10041SSBS-80 / LA16165,F1 (TX09CS065 / BW 08-5)",seed available,0.987925946
2,906,LA09078SBS-U5,120,LA09078SBS-U5,UFRGS 046054-2/MN06120,seed available,0.989188585
2,907,NC14-1985,181,NC14-1985,SS76-40 / NC05-5455,seed available,0.99305938
2,908,FLLA17035-50,282,FLLA17035-50,LA08084SBSBS-15 / LA10041SSBS-80,seed available,0.994652211
2,909,NC14-1609,160,NC14-1609,NC03-2567 / SS76-40,seed available,0.998317406
2,910,FLLA17069-41,266,FLLA17069-41,LA09015SBS-U4 / LA99016,no seed for NY 2025,0.999958635
